지점,일시,평균기온(°C),최저기온(°C),최저기온 시각(hhmi),최고기온(°C),최고기온 시각(hhmi),강수 계속시간(hr),10분 최다 강수량(mm),10분 최다강수량 시각(hhmi),1시간 최다강수량(mm),1시간 최다 강수량 시각(hhmi),일강수량(mm),최대 순간 풍속(m/s),최대 순간 풍속 풍향(16방위),최대 순간풍속 시각(hhmi),최대 풍속(m/s),최대 풍속 풍향(16방위),최대 풍속 시각(hhmi),평균 풍속(m/s),풍정합(100m),평균 이슬점온도(°C),최소 상대습도(%),최소 상대습도 시각(hhmi),평균 상대습도(%),평균 증기압(hPa),평균 현지기압(hPa),최고 해면기압(hPa),최고 해면기압 시각(hhmi),최저 해면기압(hPa),최저 해면기압 시각(hhmi),평균 해면기압(hPa),가조시간(hr),합계 일조시간(hr),1시간 최다일사 시각(hhmi),1시간 최다일사량(MJ/m2),합계 일사량(MJ/m2),일 최심신적설(cm),일 최심신적설 시각(hhmi),일 최심적설(cm),일 최심적설 시각(hhmi),합계 3시간 신적설(cm),평균 전운량(1/10),평균 중하층운량(1/10),평균 지면온도(°C),최저 초상온도(°C),평균 5cm 지중온도(°C),평균 10cm 지중온도(°C),평균 20cm 지중온도(°C),평균 30cm 지중온도(°C),0.5m 지중온도(°C),1.0m 지중온도(°C),1.5m 지중온도(°C),3.0m 지중온도(°C),5.0m 지중온도(°C),합계 대형증발량(mm),합계 소형증발량(mm),9-9강수(mm),안개 계속시간(hr)
159,2021-01-01,.3,-5,649,4.6,1318,,,,,,,9.7,270,1521,6.3,270,1526,2.6,2255,-8.6,36,1335,51.8,3.2,1016.2,1027.8,836,1023.3,1518,1025,9.9,8.3,1200,2.11,12.03,,,,,,1.6,1.6,2.1,-12.4,1.8,2.3,3.8,5.2,6.5,11.7,14.2,17.7,19.7,1.8,2.6,,
159,2021-01-02,1.3,-1.6,2335,5,1352,,,,,,,12.1,270,1315,5,290,1411,2.5,2165,-10.8,25,2221,41.4,2.8,1017.4,1029.1,2346,1023.8,43,1026.2,9.9,8.8,1300,2.01,12.07,,,,,,2.5,2.3,3,-8.6,2.8,3.5,4.4,5.3,6.3,11.5,14.1,17.6,19.7,2,2.8,,
159,2021-01-03,.1,-2.7,540,3.7,1429,,,,,,,11.2,270,1127,5.6,270,1337,2.4,2086,-15.2,22,1255,31,1.9,1022,1032.5,1024,1028.7,42,1030.9,9.9,5.4,1200,2.09,10.36,,,,,,7.4,.3,1.7,-6.2,1.7,3,4.2,5.3,6.2,11.3,14,17.6,19.6,1.8,2.6,,
159,2021-01-04,3,-2.2,622,9,1401,,,,,,,7.7,320,758,5,320,807,2.2,1933,-9.1,30,1017,40.9,3.1,1020.6,1032,624,1027.1,2321,1029.3,9.9,9,1200,1.97,11.69,,,,,,2.1,0,4,-8.5,3.5,3.7,4.4,5.3,6,11.1,13.9,17.5,19.6,2.1,3,,
159,2021-01-05,3,-2.2,2358,8,1104,,,,,,,11.9,340,1131,4.9,360,1135,2.5,2170,-10.4,20,1919,38.6,3.1,1016.5,1027.3,207,1022.9,1400,1025.3,9.9,4.2,1100,1.8,7.9,,,,,,5.3,0,3,-7,3.1,4.3,5.1,5.7,6.2,10.9,13.7,17.4,19.6,1.9,2.7,,
159,2021-01-06,-1.7,-5.9,628,2.4,1402,,,,,,,15.9,340,313,8.8,320,145,4.3,3735,-14.4,23,1,37.6,2.1,1013.1,1025.3,2,1017.3,2359,1021.9,9.9,9,1300,2.09,12.24,,,,,,3.9,.3,1.9,-8.1,1.6,2.8,4.2,5.3,6,10.8,13.6,17.3,19.6,1.9,2.8,0,
159,2021-01-07,-6.1,-10.4,2346,.2,46,1.92,,,,,0,17.6,270,1114,9.9,250,100,4.9,4264,-20.6,16,1222,33.8,1.4,1012.2,1023.8,959,1016,259,1021.2,9.9,8,1200,2.22,12.39,,,,,,2.5,1.6,.5,-12.5,.5,2.2,3.6,4.8,5.7,10.7,13.5,17.3,19.5,1.8,2.6,,
159,2021-01-08,-8.2,-12.2,649,-2.2,1626,,,,,,,14.3,290,1230,7.7,270,1221,3.2,2735,-21.1,27,1440,35,1.2,1012.6,1024.1,911,1019.3,1606,1021.7,9.9,9.2,1200,2.24,13.48,,,,,,0,0,-1.6,-14.5,-2,.4,2.4,3.9,5.1,10.5,13.4,17.2,19.5,1.5,2.2,,
159,2021-01-09,-5.9,-10.2,410,.3,1511,,,,,,,14,270,1339,5.7,290,1345,3.1,2711,-17.9,26,1400,38.6,1.5,1012.8,1024,2343,1019,1530,1021.9,9.9,8.8,1200,2.21,13.13,,,,,,.3,.3,-.7,-12.9,-1.4,0,1.8,3.2,4.5,10.4,13.3,17.2,19.5,1.7,2.5,,
159,2021-01-10,-2.3,-7.8,432,3.6,1632,,,,,,,11,320,16,4.1,290,25,2.3,2020,-12.6,34,1450,45.4,2.4,1016.9,1027.5,2128,1023.2,28,1025.8,10,9.4,1200,2.18,13.18,,,,,,.9,0,.9,-11.4,-.3,.2,1.6,2.9,4.2,10.1,13.1,17.1,19.4,1.8,2.6,,
159,2021-01-11,.2,-3.1,529,4.5,1349,,,,,,,10.8,320,104,5.9,320,231,2.5,2130,-9,40,1131,50,3.1,1015.2,1027.9,545,1019.6,2355,1024,10,1.5,1100,1.29,6.65,,,,,,8,3.5,1.3,-6.3,.9,1.1,2,3,4.1,9.9,13,17,19.4,1.1,1.6,,
159,2021-01-12,1.4,-3.5,725,5.5,1454,,,,,,,8.7,270,2234,6.2,270,2324,2.8,2399,-8.9,34,1456,46.8,3.1,1009.1,1019.8,921,1015.5,1600,1017.9,10,9.1,1200,2.12,12.6,,,,,,.5,.1,3.2,-9.2,2.3,2.3,2.7,3.4,4.1,9.7,12.8,16.9,19.4,2.1,3,,
159,2021-01-13,7.1,1.4,201,11.7,1518,,,,,,,17.9,270,1553,9.8,250,2006,5.2,4486,-2.1,40,1456,52.9,5.3,1007.7,1017.7,600,1013.7,1508,1016.2,10,8.4,1200,2,11.59,,,,,,0,0,5.8,-5.4,4.8,3.8,3.7,4.1,4.3,9.5,12.7,16.9,19.3,2.8,4,,
159,2021-01-14,8.9,4.7,751,14.5,1230,,,,,,,8.4,230,52,5.8,250,4,2.1,1846,-.4,23,1333,53.4,6,1012.4,1022.3,1023,1017.2,1,1020.9,10,8.9,1200,2.14,12.47,,,,,,1.1,1.1,8.1,-5.3,6.9,5.8,5.3,5.2,4.9,9.4,12.5,16.8,19.3,2.3,3.2,,
159,2021-01-15,11.9,7.2,1,15.7,1354,,,,,,,14.5,270,1655,9.3,250,1655,4.1,3503,5.4,52,1532,65.1,9,1007.5,1020.9,1,1013.2,1421,1015.9,10.1,5,1100,1.68,9.25,,,,,,5.5,3.4,10,-1,8.4,6.9,6.2,6,5.6,9.3,12.4,16.7,19.3,2.5,3.6,,
159,2021-01-16,5.7,.1,2359,11.9,1,,,,,,,11.8,250,358,7,250,2,3.1,2717,-9.1,18,1556,34.6,3.3,1010.7,1023.6,2330,1013.4,233,1019.3,10.1,9,1200,2.15,12.98,,,,,,3,0,8.6,-1.7,7.9,7.4,7.1,6.9,6.4,9.4,12.3,16.7,19.2,3,4.3,,
159,2021-01-17,-.5,-3.4,805,3.4,1321,,,,,,,15.4,320,408,7.7,270,413,3.1,2702,-17.3,14,1322,28.6,1.6,1015.8,1027,1029,1022.7,102,1024.6,10.1,8.9,1200,2.37,14.41,,,,,,2.8,0,4.5,-11.9,3.9,5,5.8,6.5,6.4,9.5,12.2,16.6,19.2,2.2,3.1,,
159,2021-01-18,1.1,-2.4,335,6,1313,1,,,,,0,17.3,290,1334,9.5,270,2035,4.5,3909,-7.9,31,2357,52.1,3.6,1011.6,1024.4,2355,1016.2,1333,1020.4,10.1,5.7,1200,1.86,8.6,,,,,,2.1,1.8,1.2,-8.1,2.1,3.7,4.8,5.7,5.9,9.5,12.2,16.5,19.2,1.7,2.5,0,
159,2021-01-19,.2,-4.2,641,5.7,1426,,,,,,,8,340,723,4.4,320,52,2.3,1962,-12.9,19,1217,37.3,2.3,1020.7,1032,2136,1024.3,14,1029.6,10.2,9.6,1200,2.28,13.97,,,,,,0,0,3.8,-9.7,3.2,3.8,4.5,5.3,5.6,9.5,12.1,16.5,19.1,2,2.8,,
159,2021-01-20,5.4,-.8,458,12,1311,,,,,,,4.9,140,1245,2.9,110,1525,.9,756,-1.8,43,1105,60.5,5.6,1020.2,1031.3,1,1027.2,1541,1028.9,10.2,9.1,1200,2.21,13.39,,,,,,.8,.4,6.9,-10.2,4.6,4.5,4.7,5.2,5.4,9.5,12.1,16.4,19.1,1.7,2.4,,
159,2021-01-21,8.9,4,647,13.8,1159,6.5,,,,,2,6.9,180,1247,5.4,180,1255,1.9,1667,3.4,52,1014,69.5,8,1014.6,1027.3,1,1019.6,2355,1023.1,10.2,6.1,1200,2.09,10.76,,,,,,4.9,3.8,7.8,-6.2,6.4,6,5.7,5.9,5.7,9.4,12.1,16.3,19.1,1.5,2.1,4.1,
159,2021-01-22,10.1,8.4,24,11.8,1317,11.27,,,,,3.1,8.1,20,2348,4.5,50,2205,1.4,1230,9,84,2023,93.4,11.5,1009,1019.6,1,1016.1,1352,1017.4,10.2,0,1200,.65,1.9,,,,,,9.9,8.4,9.7,6.5,8.8,8.1,7.3,7.1,6.5,9.4,12,16.2,19,.6,.9,1,1.67
159,2021-01-23,10.4,9.6,930,11.6,1133,6.75,,,,,3.3,16.8,50,1943,7.6,50,1831,4.9,4227,6.2,55,2349,76.8,9.6,1008.6,1019.2,2239,1015.3,1516,1017.1,10.2,0,1400,.32,1.58,,,,,,10,6.6,9.3,7.9,8.9,8.6,8.2,7.9,7.3,9.4,12,16.2,19,1.4,2,3.3,
159,2021-01-24,9.2,8.7,620,12.6,1105,.67,,,,,0,13.6,50,15,5.8,50,22,3.8,3257,2.4,48,1109,63,7.3,1015.2,1026.7,1847,1019,16,1023.7,10.3,.7,1000,1.29,4.53,,,,,,9.1,8.6,8.3,7.1,8,8.2,8.2,8.2,7.7,9.6,11.9,16.1,19,1.5,2.1,,
159,2021-01-25,9.3,7.4,531,13.2,1436,,,,,,,12.3,70,1513,5.6,50,1134,3.7,3174,2.7,52,1419,64.1,7.5,1016.7,1028,207,1021.5,2359,1025.2,10.3,5.4,1300,2.14,10.98,,,,,,6,5.8,9.7,3.6,9,8.4,8.3,8.2,7.9,9.7,11.9,16,18.9,2.1,2.9,6.1,
159,2021-01-26,7.7,6.6,2054,9.1,425,12.75,,,,,17.4,11.8,320,1259,5.8,320,1254,2.8,2443,4.8,63,2333,83,8.7,1008.7,1021.5,1,1014.4,1531,1017.2,10.3,0,1200,.33,2.06,,,,,,7.5,5.6,7.7,2.8,7.5,8,8.3,8.5,8.2,9.8,11.9,16,18.9,.8,1.1,11.3,
159,2021-01-27,7.4,3.9,726,12.9,1337,,,,,,,13.3,320,422,7.1,320,415,,,-2.9,25,1325,49.1,5,1011.4,1021.8,1025,1016.9,4,1019.9,10.3,,,,,,,,,,3.5,.3,7.9,-2.9,7.3,7.4,7.7,8,8,9.9,11.9,15.9,18.9,,,,
159,2021-01-28,4.4,-2.9,2400,11.1,1432,,,,,,,20.8,270,1705,11.8,250,1448,4,,-6.3,23,1338,46.1,4.1,1005.6,1019.5,1,1007.9,1507,1014.2,10.4,6.4,1000,1.58,9.17,,,,,,3.4,1.3,5.6,-4.3,5.7,6.7,7.4,7.9,8,10,12,15.9,18.8,1.9,2.8,,
159,2021-01-29,-2.6,-6.3,710,2.7,1608,,,,,,,17.7,340,109,8.6,290,312,4.3,3686,-17.7,22,1507,30.5,1.5,1013.9,1026.1,2213,1017.5,10,1022.8,10.4,9.9,1200,2.46,15.41,,,,,,0,0,1.8,-9.4,1.8,3.6,5.3,6.7,7.4,10.1,12,15.8,18.8,2,2.8,,
159,2021-01-30,3.1,-4,321,8.8,1537,,,,,,,16.4,230,1208,10.9,250,1222,5.7,4902,-7.1,32,1,47,3.9,1016.9,1027.9,2330,1022.7,1358,1025.7,10.4,8,1300,2.01,12.95,,,,,,.8,.5,4,-9.6,3.4,3.8,4.6,5.8,6.6,10.1,12,15.7,18.8,2.2,3.2,,
159,2021-01-31,8.7,2.4,735,13.1,1356,,,,,,,9,200,2154,5.8,200,2207,2.3,1995,-2.6,21,1123,46.4,5.3,1018.8,1030.3,952,1023.2,2357,1027.4,10.5,9.7,1200,2.34,14.56,,,,,,2.9,2.3,7.8,-7.6,6.6,5.8,5.7,6.1,6.4,10,12,15.7,18.7,2.5,3.5,22.8,
159,2021-02-01,10,8.5,2357,12.1,508,10.25,,,,,22.9,17.5,230,539,11.5,230,537,5.5,4789,7.1,62,1445,82.8,10.2,1007.1,1023.2,1,1012.7,1533,1015.5,10.5,0,1200,.44,2.04,,,,,,10,7.3,9.4,6.7,8.9,8.4,7.9,7.6,7.1,9.9,12,15.6,18.7,1.3,1.8,.1,
159,2021-02-02,2.3,-2.2,2348,8.5,1,,,,,,,12,270,124,6.4,250,2,3.2,2748,-13.3,18,1401,31.4,2.3,1012.7,1024.9,2323,1015.4,1,1021.4,10.5,9.8,1200,2.57,16.43,,,,,,0,0,5.3,-5.5,5.4,6.4,7,7.6,7.5,9.8,11.9,15.6,18.6,2.7,3.9,,
159,2021-02-03,.7,-3.4,732,4.9,1400,,,,,,,8.9,250,1513,6.4,230,1611,3.2,2790,-11.1,19,1138,42.8,2.7,1016.1,1027.9,846,1022.5,2356,1024.9,10.5,9.9,1200,2.56,16.23,,,,,,0,0,3.7,-7.3,3.3,4.3,5.2,6.5,7,9.8,11.9,15.5,18.6,2.8,3.9,,
159,2021-02-04,5.1,2.3,1,9.5,1602,,,,,,,14.9,230,736,9,270,626,3.7,3227,-9.4,19,1412,37.5,3.2,1014.5,1024.8,2003,1020.8,448,1023.2,10.6,9.9,1200,2.54,15.98,,,,,,2,.9,6.3,-4.4,5.5,5.3,5.5,6.3,6.6,9.8,11.8,15.5,18.6,3.3,4.6,,
159,2021-02-05,5.3,.6,805,8.9,1143,,,,,,,10.3,320,833,7.2,250,2209,3.7,3216,-10,19,1033,33,3,1012,1024.6,149,1017.3,2359,1020.7,10.6,5,1100,2.26,11.23,,,,,,6.4,3.4,4.1,-6.8,4.4,5.2,5.6,6.4,6.6,9.7,11.8,15.4,18.5,2.8,4,,
159,2021-02-06,9.5,5.1,705,13.7,1452,,,,,,,9.9,250,1649,6.8,250,1656,3.9,3353,.2,28,1342,54.3,6.3,1007,1017.3,1,1013.7,1417,1015.4,10.6,9.8,1200,2.43,15.42,,,,,,0,0,10.2,-1.5,8.5,7.2,6.8,6.8,6.7,9.6,11.7,15.4,18.5,2.9,4.2,,
159,2021-02-07,10.1,6.3,734,15.8,1403,,,,,,,8.4,320,2220,5.8,250,3,2.8,2402,.4,26,1318,53.1,6.4,1009.3,1019.4,934,1015.4,1,1017.7,10.7,9.1,1200,2.42,14.57,,,,,,2.6,0,11.3,1.2,9.7,8.3,7.8,7.6,7.2,9.6,11.7,15.3,18.5,3.4,4.9,,
159,2021-02-08,3.2,-1,2355,9,1,,,,,,,13.6,320,1251,6.7,290,48,3.4,2941,-16.7,15,1951,21.9,1.7,1014.6,1027.3,2250,1018.6,55,1023.3,10.7,10.1,1200,2.65,17.04,,,,,,.6,0,7.4,-3.7,6.7,7.2,7.4,7.8,7.6,9.6,11.7,15.3,18.4,3.4,4.8,,
159,2021-02-09,2.8,-3.2,641,8.9,1704,,,,,,,15.5,340,738,7.6,320,746,3.6,3150,-13.9,20,1600,28.6,2.1,1017.2,1027.7,649,1024.2,1639,1026,10.7,10.3,1200,2.66,17.34,,,,,,0,0,6.5,-5.5,5.2,5.6,6,6.9,7.1,9.7,11.6,15.2,18.4,3.4,4.9,,
159,2021-02-10,6.6,1.9,627,12.4,1419,,,,,,,11.7,250,1300,7,320,538,3.5,3047,-8.4,22,1228,33.8,3.3,1014.7,1025.1,230,1020.8,1452,1023.3,10.8,9.9,1200,2.47,15.68,,,,,,1,0,8.3,-2.5,7.1,6.4,6.3,6.8,6.8,9.7,11.6,15.2,18.3,3,4.2,,
159,2021-02-11,8.3,4,647,12.3,1144,,,,,,,8,320,452,4.7,320,453,2.2,1914,-.1,35,1009,56.3,6.2,1015.4,1025.6,916,1022.4,1524,1024,10.8,4.1,1100,1.98,10.98,,,,,,8,.3,8.3,-3.2,7.4,7.1,7,7.2,6.9,9.6,11.6,15.1,18.3,1.8,2.5,,
159,2021-02-12,10.7,7.1,702,16.1,1356,,,,,,,6.4,200,1429,4.9,200,1438,1.7,1509,2.9,43,1619,59.1,7.6,1014.6,1023.9,3,1021.7,1644,1023.1,10.8,6.7,1300,2.17,13.13,,,,,,6.5,1.9,12.1,2.2,10.2,8.6,8.1,7.8,7.3,9.6,11.6,15.1,18.3,2.4,3.4,,
159,2021-02-13,12.6,7.7,727,18.8,1234,,,,,,,5.7,320,331,3.3,320,337,1.6,1366,2.6,26,1212,52.6,7.6,1014.1,1024.4,745,1020.8,2351,1022.5,10.9,9.9,1200,2.54,16.31,,,,,,3.3,2.8,14.8,.2,11.7,9.8,9.1,8.6,7.8,9.6,11.5,15,18.2,2.8,4.1,0,
159,2021-02-14,11.9,10,535,13.9,1608,10.48,,,,,17.3,4.9,270,1244,3,270,1247,1.1,993,10.7,69,15,92.6,12.9,1005.9,1020.8,1,1008.8,2356,1014.3,10.9,0,1500,.6,3.81,,,,,,9.1,4.9,11.3,2.4,10.3,9.9,9.5,9.2,8.4,9.7,11.5,15,18.2,.6,.9,17.9,
159,2021-02-15,8.1,.4,2355,13.1,1140,2.33,,,,,.6,22.5,250,1544,12.1,270,1830,5.4,4642,-.9,18,1551,57.4,6.9,998.1,1012.2,2353,1003.2,1352,1006.5,10.9,8.8,1200,2.6,16.04,,,,,,3.5,.8,10.4,-.6,9.8,10.1,10,9.8,9,9.8,11.5,14.9,18.2,3.7,5.3,,
159,2021-02-16,2,-1.9,2354,7.1,1512,,,,,,,18.5,270,1757,10.2,270,24,4.9,4252,-10.3,25,1130,40.1,2.8,1005.1,1017,746,1009.5,1755,1013.8,11,10,1200,2.72,17.87,,,,,,1.4,.6,5.3,-3.9,5.3,6.6,7.3,8.5,8.6,9.9,11.5,14.9,18.1,3.2,4.5,,
159,2021-02-17,-3.2,-5.5,2358,.3,1504,,,,,,,18.7,270,1441,10.4,270,1216,5.8,5004,-17.7,22,1556,32.4,1.6,1006.2,1017.1,2316,1012.4,1430,1015.1,11,10,1100,2.62,17.71,,,,,,1,1,1.7,-7.6,2.5,4.9,6,7.4,8,10,11.6,14.9,18.1,2.4,3.5,,
159,2021-02-18,-2.4,-7.2,653,3.2,1600,,,,,,,14.7,290,9,7.9,270,31,3.4,2967,-14.2,28,1447,40.5,2.1,1009.8,1021.4,2233,1016.5,29,1018.7,11,10.3,1200,2.78,18.55,,,,,,0,0,3.6,-9.2,2.5,3.6,4.6,6.1,7,10,11.6,14.8,18.1,2.4,3.4,,
159,2021-02-19,4.3,-3.2,459,10.7,1556,,,,,,,14,270,2200,8.4,250,2209,4.7,4087,-7.2,25,1024,44.1,3.7,1008.4,1021.1,147,1013.9,2400,1017.1,11.1,10.5,1200,2.81,18.91,,,,,,0,0,6.6,-6.7,5.1,4.9,5.1,5.9,6.4,9.9,11.6,14.8,18,3.6,5.2,,
159,2021-02-20,11.8,7.4,13,17.5,1411,,,,,,,16.8,270,1012,9.5,250,406,5.9,5073,5.5,45,1402,66.4,9.1,1002.7,1013.9,1,1008.4,1423,1011.1,11.1,9.8,1200,2.58,16.6,,,,,,0,0,12.1,4.3,10.1,8.1,7.4,7.1,6.8,9.8,11.6,14.7,18,3.5,5.1,,
159,2021-02-21,14.6,10.4,112,19.3,1358,,,,,,,13.8,200,1917,8.3,250,1142,5.7,4888,6.3,40,1154,58.6,9.6,1003.8,1013,904,1010.5,1355,1012,11.1,10.3,1200,2.71,17.81,,,,,,0,0,14.7,7.5,12.6,10.3,9.3,8.5,7.7,9.7,11.5,14.7,18,3.9,5.5,,
159,2021-02-22,15.2,11.8,2356,18.6,1208,,,,,,,16.3,270,330,9.8,230,233,5.3,4594,5.5,15,2345,57.6,10.1,1003.5,1016.6,2400,1008.4,1529,1011.7,11.2,10,1200,2.61,16.92,,,,,,.6,.4,16.3,6,13.9,11.9,10.8,9.8,8.7,9.7,11.5,14.6,17.9,4.2,6,,
159,2021-02-23,8.4,4.8,712,13.5,1408,,,,,,,11,290,642,6,320,642,2.7,2295,-8.6,14,300,33.1,3.6,1012.8,1023,2243,1016.6,1,1021.3,11.2,9.9,1200,2.61,17.37,,,,,,4.8,0,12,-2.4,10.7,10.5,10.3,10.1,9.3,9.8,11.4,14.6,17.9,3.3,4.7,,
159,2021-02-24,7.8,3.2,654,13.1,1515,,,,,,,8.9,70,1848,4.5,70,1659,2.3,1981,-3.8,16,500,46.5,5.1,1015.2,1025.2,834,1022.4,14,1023.8,11.3,3.6,1100,2.17,12.52,,,,,,5.8,5.1,10.4,-5.5,9.3,9.2,9.3,9.5,9.1,10,11.5,14.6,17.9,2.3,3.2,,
159,2021-02-25,8.8,6.3,637,11.6,1148,4.83,,,,,2,9,50,2215,5.1,50,2234,2.4,2069,3.3,56,1141,69.6,7.8,1013.6,1024,1,1020.6,1552,1022.2,11.3,.3,1100,1.15,5.77,,,,,,9,4.1,10,-.1,9,9.2,9.3,9.5,9.1,10.1,11.5,14.5,17.8,1.1,1.6,8.4,
159,2021-02-26,9.1,6.8,211,13.4,1221,10,,,,,6.7,17.3,20,1502,8,50,1504,4.6,3937,3.4,44,1313,69.8,7.9,1012.7,1024.1,2328,1018.9,345,1021.2,11.3,3.2,1200,2.49,11.91,,,,,,8.8,5.9,9.8,6.2,9.5,9.7,9.5,9.5,9.1,10.2,11.5,14.5,17.8,2.6,3.8,.3,
159,2021-02-27,7.4,5.8,2255,10.1,1453,,,,,,,17.1,50,453,8.1,50,1430,5.6,4815,.1,51,1329,60,6.1,1019.8,1030.2,1109,1023.7,13,1028.4,11.4,1.7,1400,1.85,7.74,,,,,,8.4,6.6,8.5,3.9,8.1,8.5,8.9,9.4,9.3,10.2,11.6,14.5,17.8,1.9,2.7,,
159,2021-02-28,10.5,5.4,119,15.6,1333,,,,,,,11.3,50,9,5.2,50,11,2.6,2240,5.5,58,1131,71.9,9.2,1017.1,1029,51,1022.4,2342,1025.6,11.4,1.9,1300,2.13,11.32,,,,,,8.4,3.4,10.7,3.1,9.8,9.3,9,9.2,9.1,10.3,11.6,14.4,17.7,1.6,2.3,,
159,2021-03-01,12.4,5.2,2358,15.5,1940,11.5,,,,,37.8,17.5,230,1941,11.2,200,1806,3.6,3089,10.8,81,3,90.3,13.1,1005.9,1022.4,1,1007,1925,1014.2,11.4,0,1200,.53,2.84,,,,,,9.6,7.6,12.9,5.2,11.7,10.9,10.4,10,9.6,10.4,11.6,14.4,17.7,.7,1,47.8,
159,2021-03-02,4.5,2.2,2351,8.8,1215,5.25,,,,,10,13.4,20,219,6.3,50,107,3.4,2920,-.4,52,1454,71.3,6,1013.7,1028.9,2219,1009.5,3,1022.4,11.5,1.3,1100,2.08,9.96,,,,,,6.5,6,8.1,-.6,7.9,9.3,9.7,10.2,10,10.4,11.6,14.4,17.7,1.6,2.3,,
159,2021-03-03,6.1,1.6,522,10.6,1334,,,,,,,7.9,90,1153,5.1,110,1404,2.8,2427,-1.5,47,1317,58.3,5.5,1020.5,1032.1,850,1027.5,1652,1029.2,11.5,9.8,1300,2.77,18.67,,,,,,4.1,0,8.4,-1.2,7.7,8.1,8.4,9.2,9.5,10.5,11.6,14.3,17.6,2.4,3.4,,
159,2021-03-04,9.2,5,325,13.9,1242,6.83,,,,,6.3,5.8,20,2236,3.6,50,2342,1.4,1182,5.3,58,1231,77.3,9.1,1014.8,1027.9,8,1019.9,2341,1023.3,11.5,.5,1200,1.66,8.09,,,,,,9.4,5.3,9.5,-1.3,9,9,9,9.3,9.4,10.5,11.6,14.2,17.6,1.2,1.8,8.4,
159,2021-03-05,12.5,9.3,108,19.3,1321,5.17,,,,,2.1,9.6,20,951,5.1,50,447,2.6,2235,9.2,53,1317,81.1,11.6,1009.6,1019.9,1,1015.6,1601,1018,11.6,3.8,1100,2.61,14.02,,,,,,7.1,4,13.4,4.9,12.4,11.5,10.8,10.2,9.8,10.5,11.7,14.2,17.6,2.2,3.1,,
159,2021-03-06,8.1,5.2,2343,12.5,943,1.5,,,,,0,15.1,50,1047,6.8,50,1115,3.9,3390,3.2,55,654,71.5,7.8,1017.4,1030.1,2302,1019.4,1,1026,11.6,1.8,900,1.4,7.14,,,,,,8,6,9.6,3,9,10,10.4,10.6,10.4,10.6,11.7,14.2,17.5,1.4,2,0,
159,2021-03-07,6.5,4.8,702,9.8,1326,,,,,,,9.6,110,126,4.2,50,209,3,2571,.5,48,1351,65.8,6.3,1019,1029.9,852,1025.4,1618,1027.6,11.7,3.7,1200,2.04,11.39,,,,,,7.5,6.4,9.4,1.6,8.8,9.3,9.5,9.9,10.1,10.7,11.7,14.1,17.5,1.7,2.4,,
159,2021-03-08,8.4,4,647,13.9,1140,,,,,,,9.9,70,1433,5.4,70,1442,2.8,2438,1.7,49,1141,63.8,6.9,1017.7,1027.5,843,1024.9,1417,1026.2,11.7,6.8,1100,2.76,17.01,,,,,,3.5,2.9,10.7,-3,9.1,9.2,9.4,9.7,9.9,10.8,11.7,14.1,17.5,2.8,3.9,,
159,2021-03-09,9.7,6.6,1,13.8,1209,,,,,,,9,180,1354,6.8,180,1349,3,2582,2.5,49,1147,61.3,7.4,1014.9,1026.1,1,1021.2,1549,1023.4,11.7,7.8,1200,2.94,17.52,,,,,,6.4,0,12,3.1,10.9,10.4,10.1,10,10,10.8,11.8,14.1,17.4,3,4.3,,
159,2021-03-10,10.3,7.2,609,15.6,1154,,,,,,,13.7,70,1302,6.7,50,1016,3.8,3290,.2,34,1417,49.9,6.2,1018.8,1030.1,2247,1022.3,235,1027.4,11.8,10.7,1200,3.05,21.16,,,,,,0,0,13.2,-.8,11.7,11,10.6,10.4,10.2,10.8,11.8,14.1,17.4,3.7,5.3,,
159,2021-03-11,11.5,6.5,657,16.6,1440,.33,,,,,0,6.3,20,115,3.9,50,18,2,1714,5.3,50,1042,66.5,9.1,1017,1029.6,1,1022,2359,1025.4,11.8,8.4,1200,2.5,17.8,,,,,,7.1,2.3,14.5,1.5,12.5,11.2,10.8,10.6,10.4,10.9,11.8,14,17.4,2.4,3.5,13.7,
159,2021-03-12,10,9.1,2357,12.1,19,16.72,,,,,23.4,12.6,20,1801,6.7,50,1750,3.8,3240,7.7,67,101,86,10.5,1009.2,1022.1,7,1014.3,1431,1017.7,11.8,0,1000,.5,2.92,,,,,,9.6,8.6,10.9,7.7,10.7,11.2,11.1,11.1,10.8,11,11.9,14,17.3,1,1.4,9.7,
159,2021-03-13,10.9,7.5,622,15.4,1213,,,,,,,9.6,160,846,5.7,200,1247,2.8,2451,4.2,43,1215,64,8.3,1011.2,1021.7,908,1018.6,50,1019.7,11.9,10.2,1200,3.03,20.4,,,,,,2.5,2.5,13.4,3.2,11.8,11.3,11,10.9,10.7,11,11.9,14,17.3,3,4.3,,
159,2021-03-14,12.3,8.2,655,17.6,1416,,,,,,,9.2,250,1553,5.5,230,1601,2.1,1810,4.6,36,1507,61,8.5,1010,1020.1,930,1016.6,1515,1018.3,11.9,10.2,1200,2.9,20.18,,,,,,1.8,1,14.4,1.4,12.6,12,11.7,11.4,11,11.1,11.9,14,17.3,3,4.3,,
159,2021-03-15,12.9,8.2,546,16.3,1202,,,,,,,12.1,230,1547,8.6,230,1547,3.5,2990,6.4,41,1116,65.6,9.7,1008.4,1019.5,952,1013.6,2400,1016.7,11.9,9.4,1100,2.76,18.65,,,,,,5,1.6,14.3,1.3,12.8,12.1,11.8,11.6,11.3,11.2,12,13.9,17.2,3.1,4.4,2.5,
159,2021-03-16,15.2,11,2353,21.5,1246,5,,,,,2.5,12.5,200,308,6.7,230,310,3.3,2810,10.5,36,1312,75.4,12.8,1003.5,1014.8,2355,1009.8,403,1011.7,12,8.6,1300,2.9,19.2,,,,,,3.3,2.6,17.9,7.9,16,14.4,13.4,12.5,11.8,11.3,12,13.9,17.2,3.5,4.9,,
159,2021-03-17,11.4,8,438,16.5,1254,,,,,,,11.3,70,1521,5.7,70,1552,3.6,3078,4,48,1255,61.3,8.2,1009.7,1020.6,2232,1014.8,1,1018.1,12,8.7,1200,3.13,20.12,,,,,,2.4,0,14.4,3.6,13.5,13.2,13,12.8,12.3,11.5,12.1,13.9,17.2,3.2,4.6,,
159,2021-03-18,11.4,8.5,457,15.9,1156,,,,,,,11.3,70,1210,5.8,70,1209,4,3487,4.8,47,1157,64.5,8.6,1011.3,1021,813,1017.8,1617,1019.7,12.1,8,1200,3.16,21.63,,,,,,3.8,2.1,16,4.9,14.1,13.2,12.8,12.6,12.3,11.6,12.1,13.9,17.1,3.6,5.2,,
159,2021-03-19,12.1,8.9,328,16.7,1159,,,,,,,14.4,70,1507,6.8,70,1625,4.5,3852,4.5,46,1420,60.4,8.4,1010.7,1020.8,810,1017.8,1434,1019.1,12.1,7.7,1200,3.14,20.81,,,,,,7.3,4.6,16,5.7,14.4,13.6,13.1,12.7,12.4,11.8,12.2,13.8,17.1,3.4,4.9,2.6,
159,2021-03-20,10.9,9.3,545,12.7,1411,14.38,,,,,7.8,9.9,20,220,5.9,320,1708,2.6,2262,9,65,136,89.1,11.6,1002.8,1018.1,1,1007.8,1517,1011.2,12.1,0,1300,.38,2.28,,,,,,10,7.8,12.5,8.4,12.1,12.5,12.6,12.7,12.7,11.9,12.3,13.8,17.1,.7,1,5.2,
159,2021-03-21,10.1,5.3,2355,15.2,1409,.75,,,,,0,14.7,250,2226,7.6,290,2400,3.6,3143,.4,32,1916,53.6,6.6,1002.8,1016.6,2302,1008.1,402,1011.2,12.2,7.7,1200,2.92,18.94,,,,,,6.6,1.9,13.2,3.6,12.6,12.7,12.6,12.5,12.5,12,12.4,13.8,17,3.8,5.4,,
159,2021-03-22,8.2,3.7,404,13.9,1508,,,,,,,16.1,270,51,8.9,290,5,4.1,3531,-7.9,17,1510,32.6,3.4,1010.2,1020.9,2359,1016.1,14,1018.7,12.2,11.2,1200,3.36,24.46,,,,,,.8,0,12,1.7,10.7,11,11.3,11.9,12.2,12.1,12.4,13.8,17,4.7,6.8,,
159,2021-03-23,10.7,5.2,630,15.8,1425,,,,,,,12.1,230,1740,8.5,230,1749,4.5,3920,-.9,28,1115,45.6,6,1012.4,1023.5,1036,1018.7,1637,1020.9,12.2,11.3,1200,3.24,23.23,,,,,,0,0,14.5,-.3,12.5,11.7,11.6,11.7,11.9,12.2,12.5,13.8,17,4.7,6.7,,
159,2021-03-24,12.8,9,606,16.2,1333,,,,,,,10.6,230,1929,7.5,230,1933,4.4,3828,4.8,38,1050,58.8,8.8,1012,1023,924,1018.1,1657,1020.4,12.3,7.4,1300,2.9,18.48,,,,,,6.6,3.8,15.7,4.8,13.9,12.9,12.4,12.2,12.1,12.2,12.6,13.8,17,3.3,4.7,,
159,2021-03-25,14.7,10.6,621,19.9,1240,,,,,,,8.8,320,1054,6,250,2147,2.8,2421,3.4,29,1125,49,7.9,1011.1,1020.6,916,1018.2,254,1019.4,12.3,11.4,1200,3.2,23.4,,,,,,1.4,0,19.2,4,16.2,14.5,13.6,12.9,12.4,12.2,12.6,13.8,16.9,4.9,7,,
159,2021-03-26,15.8,11.7,623,21.2,1246,,,,,,,8.7,110,1419,5.2,320,324,2.6,2216,4.4,16,1251,48.1,8.4,1012.5,1022.4,935,1019.3,350,1020.8,12.3,11.1,1200,3.24,22.91,,,,,,4.8,0,19.7,5.1,16.5,15,14.2,13.4,12.9,12.3,12.6,13.8,16.9,4.3,6.1,,
159,2021-03-27,14.8,11.1,439,17.2,1207,7.67,,,,,14.5,20.7,180,2154,10.9,200,2348,3.3,2832,10.7,63,937,77.1,13,1004.7,1020.6,1,1005.1,2334,1012.9,12.4,1,900,1.28,6.31,,,,,,7.8,5.6,15.1,6,14,13.8,13.7,13.6,13.3,12.4,12.7,13.8,16.9,1.3,1.9,37.6,
159,2021-03-28,15.5,13.8,549,19,1433,4.17,,,,,23.1,18.6,250,14,11.3,200,15,5.7,4946,10.3,54,1347,72.8,12.6,994.5,1005.3,34,1000.8,449,1002.6,12.4,9.1,1200,3.33,21.57,,,,,,3,2.3,18.7,11.8,16.8,15.6,14.8,14.1,13.5,12.5,12.7,13.8,16.9,4,5.7,,
159,2021-03-29,15.1,12.3,633,19.7,1222,,,,,,,14.6,270,141,9.4,250,142,5.1,4438,5.1,25,1224,54,9,997.9,1007.7,2311,1004,140,1006,12.5,7.5,1200,2.8,19.06,,,,,,2.8,.3,16.4,9.7,15.5,15,14.7,14.4,14,12.6,12.8,13.8,16.9,4.2,6.1,,
159,2021-03-30,14.5,11.1,644,21.6,1430,,,,,,,9.7,320,1148,5.3,290,1231,2.4,2065,-.4,14,1327,38.6,6.1,1002.2,1013.6,2238,1007.7,1,1010.5,12.5,9.5,1300,3.25,22.13,,,,,,4.1,1.5,18.5,7.1,16.5,15.2,14.7,14.3,14.1,12.8,12.9,13.7,16.8,4.9,7,,
159,2021-03-31,13.9,9.6,621,19.2,1241,,,,,,,9.4,50,2236,4.9,110,1419,2.6,2272,6.4,44,1124,61,9.7,1006.3,1016.1,2135,1013,1515,1014.5,12.5,10.7,1200,3.3,22.98,,,,,,4.3,0,18.7,5.1,16.3,15.2,14.7,14.3,14.1,12.9,12.9,13.7,16.8,3.9,5.6,,
159,2021-04-01,14.3,11,445,18.6,1228,,,,,,,19.2,20,1305,9.2,50,1256,4.8,4185,4.8,36,1406,54.4,8.7,1010.3,1020.2,2226,1015.5,9,1018.6,12.6,6.2,1100,3.05,17.95,,,,,,6.6,4.8,17,9.6,15.4,15.1,14.7,14.5,14.3,13,13,13.7,16.8,4.1,5.8,0,
159,2021-04-02,15.7,12.6,244,22.2,1434,.58,0,,0,,0,13.2,50,36,6.3,50,323,3.2,2782,9,45,1339,65.3,11.5,1011.2,1021.2,252,1017.8,1433,1019.5,12.6,4.3,1200,3.11,18.63,,,,,,6.9,4.8,20.2,12.3,18.3,16.4,15.4,14.7,14.3,13.2,13.1,13.7,16.7,3.3,4.7,,
159,2021-04-03,16.4,14.2,1,20,1035,11.87,4.6,2143,14.3,2100,39.5,9.3,200,2332,5.8,230,2344,2.2,1881,13.7,67,1036,84.9,15.8,1005.1,1019.2,1,1009.3,2400,1013.3,12.7,.4,1000,2,8.55,,,,,,9.6,8.9,17.4,12,16.3,16.1,15.7,15.2,14.8,13.3,13.2,13.7,16.7,1.4,1.9,59,
159,2021-04-04,10.8,8.6,2349,16.8,1,10.33,3.1,518,7.5,451,19.5,12.1,20,1325,6.3,230,135,3.9,3347,7.4,56,1939,80.8,10.7,1005,1019,2305,1008.1,157,1013.4,12.7,0,1300,.93,4.88,,,,,,10,7.8,13.7,8.8,13.8,14.8,15.1,15.2,15.3,13.4,13.3,13.7,16.7,1.7,2.4,0,
159,2021-04-05,11.1,6.3,525,17.3,1444,,,,,,,13.9,20,1016,6.3,50,1123,4,3449,.3,27,1425,48.5,6.2,1012.1,1021.8,2255,1018.5,9,1020.5,12.7,11.8,1200,3.51,26.22,,,,,,.1,.1,15,4.1,13.2,13.4,13.6,14.1,14.6,13.6,13.4,13.7,16.6,4.8,6.9,,
159,2021-04-06,12.8,7.7,437,16.3,1311,,,,,,,10,360,2400,7.5,180,1538,3,2618,2.5,32,2212,51.1,7.4,1010,1021.4,1,1016.1,1741,1018.4,12.8,8.3,1300,3.46,21.24,,,,,,2.8,2.1,16.3,5.7,14.4,13.9,13.8,14,14.4,13.7,13.5,13.7,16.6,4.6,6.6,,
159,2021-04-07,15.9,13,640,21.5,1100,,,,,,,12.5,340,430,7.1,320,506,3.4,2936,3.4,24,1030,44.8,8,1009.4,1019.2,957,1016.8,343,1017.6,12.8,11.5,1200,3.35,25.34,,,,,,2.3,.1,19.7,9.5,16.9,15.6,14.9,14.4,14.4,13.8,13.5,13.7,16.5,4.8,6.8,,
159,2021-04-08,14,10.9,2341,19,1013,,,,,,,8.2,90,1525,5,110,1155,2.7,2351,5.8,31,1004,58.8,9.3,1008.5,1018.8,2342,1015.4,335,1016.8,12.8,10.2,1300,3.28,23.74,,,,,,2.9,.1,19.8,7.4,17.6,16.3,15.6,15,14.8,13.8,13.6,13.7,16.5,4.1,5.9,,
159,2021-04-09,12,8.3,2359,16.6,1039,,,,,,,14,20,1621,6.8,50,1637,3.5,2994,4.3,43,1042,60.1,8.4,1016.1,1029.7,2400,1018.3,133,1024.6,12.9,9.1,1000,3.02,21.95,,,,,,2.9,2.9,18.8,7.6,15.8,15.2,15.1,15,15,13.8,13.7,13.7,16.5,4,5.7,,
159,2021-04-10,11,7,535,15.7,1408,,,,,,,9.6,70,1330,5.1,90,1331,3.3,2823,2.5,42,1534,56.5,7.3,1022.3,1032.4,926,1029.3,209,1030.8,12.9,11.7,1100,3.16,25.16,,,,,,1.8,.1,18.9,5.3,15.7,14.9,14.7,14.6,14.8,13.9,13.7,13.7,16.5,3.9,5.5,,
159,2021-04-11,13.7,8.5,454,18.9,1349,,,,,,,6.7,140,1442,4.3,110,1423,2.6,2262,5.2,34,1521,58.1,8.9,1021.4,1032.1,917,1027.7,1737,1029.8,12.9,11.8,1200,3.45,26.27,,,,,,1.6,0,20.6,5.8,17.1,15.6,15.1,14.7,14.8,14,13.8,13.7,16.5,4.1,5.9,0,
159,2021-04-12,14.2,12.1,202,16.7,1250,14.33,1.3,2202,6.3,2151,24.1,17.2,250,2158,11.3,230,2205,2.8,2417,11.5,65,15,84.4,13.8,1011.9,1028.1,1,1012.7,2358,1020.2,13,0,1200,1.08,5.02,,,,,,9.6,6.5,15.1,,14.6,15,15,15,15.2,14,13.8,13.7,16.5,1.1,1.6,47,
159,2021-04-13,16.4,10.3,2359,21.4,1542,3.58,2.1,152,10.3,151,22.9,14.9,250,324,8.9,230,16,5.1,4371,7.6,24,1706,60.6,11.2,1001.3,1012.7,1,1007.4,353,1009.5,13,8.7,1200,3.27,21.22,,,,,,5.8,2.3,18.8,,17.2,16.5,15.9,15.3,15.3,14.1,13.9,13.7,16.5,4.8,6.9,,
159,2021-04-14,10.7,6.5,611,15.9,1238,,,,,,,17.7,340,317,9.7,290,336,4.1,3500,-.1,22,1241,47.8,6.1,1007.6,1019,2225,1011.6,250,1016,13,9.6,1200,3.66,24.82,,,,,,3,0,15.1,1.5,14.6,14.9,14.9,15.1,15.4,14.2,13.9,13.7,16.5,4.7,6.7,,
159,2021-04-15,12.6,8,614,17.2,1340,,,,,,,9.1,320,431,5.4,320,438,2.2,1935,.2,24,1627,43.4,6.3,1010.2,1019.8,1015,1017.1,1833,1018.5,13.1,9.7,1200,2.96,22,,,,,,3.9,0,16.9,1.2,15,14.8,14.7,14.8,15.2,14.2,14,13.7,16.4,3.7,5.3,,
159,2021-04-16,14.7,9.8,313,19.1,1541,,,,,,,12.9,230,1619,7.4,200,1523,3.8,3271,9.2,50,954,70.9,11.9,1007.8,1018.1,1,1014.5,1552,1016.1,13.1,7.3,1200,3.32,22.29,,,,,,5.8,3,20.1,1.7,16.9,15.8,15.2,14.9,15.1,14.3,14,13.8,16.4,3.5,5.1,,
159,2021-04-17,15.1,9,2355,19.9,1448,,,,,,,18.6,250,1537,10.7,250,1540,3.9,3403,1.9,11,1624,46.4,8.3,1003.8,1015.4,1,1006.7,1528,1012.1,13.1,7.6,1300,3.28,21.7,,,,,,4.6,3.8,21,6.3,18.3,17.3,16.5,15.8,15.6,14.3,14.1,13.8,16.4,5.6,8,,
159,2021-04-18,12,7.3,535,18.1,1533,,,,,,,14.1,270,927,8,270,931,4,3430,.2,27,1443,45.3,6.3,1006,1015.7,1031,1012.5,1538,1014.4,13.2,11.1,1100,3.34,25.88,,,,,,.9,.9,19.9,4,16.1,15.6,15.5,15.5,15.6,14.4,14.1,13.8,16.4,4.8,6.8,,
159,2021-04-19,15,8.9,518,21.7,1327,,,,,,,10.6,200,1412,8.1,200,1415,3,2610,.5,19,1250,38.4,6.5,1007.1,1016.8,625,1013.2,1725,1015.4,13.2,12.1,1200,3.6,27.87,,,,,,0,0,21.7,1.8,17.6,16.4,15.8,15.4,15.6,14.5,14.2,13.8,16.4,6.7,9.6,,
159,2021-04-20,17.6,13.5,424,24.1,1130,,,,,,,13.7,320,652,8.1,320,658,3.2,2749,-.3,20,1113,30.5,6,1010.6,1021.4,2347,1015.5,218,1018.8,13.2,11.3,1100,3.36,25.28,,,,,,2.8,0,21.5,8.5,18.1,16.5,16.2,15.8,15.9,14.5,14.2,13.8,16.4,5.3,7.6,,
159,2021-04-21,18.6,12.9,605,25.3,1342,,,,,,,5,110,1416,3.4,180,1019,1.6,1355,5.7,26,1415,44.3,9.3,1013.1,1022.5,853,1019.9,1815,1021.3,13.3,10.1,1200,3.38,24.99,,,,,,5.9,0,24.7,5.6,19.5,18,17,16.2,16.2,14.6,14.3,13.8,16.4,5,7.2,,
159,2021-04-22,19.7,15.8,550,26.5,1311,.3,0,,0,,0,9.2,20,1744,4.1,50,1802,2.3,1979,3.8,21,1014,35.9,8.1,1010.8,1021.7,1,1017.6,1546,1018.9,13.3,3.6,1100,3.5,17.15,,,,,,8.1,5.6,21.5,11,19.6,18.8,18,17,16.8,14.7,14.3,13.9,16.4,5.3,7.6,0,
159,2021-04-23,17,14.2,2350,21.4,1325,,,,,,,18.4,20,621,8.4,70,625,3.8,3310,4.9,31,155,45.3,8.7,1010.3,1020.2,2216,1016,619,1018.5,13.4,.3,1300,2.38,13.64,,,,,,9.1,9.1,20.9,12.7,18.7,18.1,17.7,17.1,17.1,14.8,14.4,13.9,16.4,3.8,5.4,,
159,2021-04-24,15.7,12.8,550,20.1,1034,,,,,,,10,20,15,4.6,50,724,3,2594,8.9,52,933,64.4,11.5,1010.8,1020.7,822,1017.9,1552,1019,13.4,9,1200,3.5,26.05,,,,,,4.5,3.6,24.2,11,19.6,18.5,17.8,17,17,15,14.4,13.9,16.3,4.2,5.9,,
159,2021-04-25,15.1,11.2,2351,19.6,1015,,,,,,,13.1,90,1206,6.3,70,1043,3.5,3044,7.1,46,1453,59.4,10.1,1011,1022.8,2343,1016.2,417,1019.3,13.4,8.8,1200,3.53,24.93,,,,,,4.9,4.4,23.6,9.6,19.8,18.9,18.2,17.4,17.3,15.1,14.5,13.9,16.3,4.9,7,,
159,2021-04-26,13.6,9.3,453,18.2,1251,,,,,,,8.6,70,1030,4.6,90,1105,3,2633,4,40,1053,53.4,8.1,1013.7,1023.4,1031,1021,1847,1022,13.4,12.3,1200,3.61,27.92,,,,,,3.3,0,23.6,5.1,18.7,18.1,17.7,17.3,17.4,15.2,14.6,13.9,16.3,4.5,6.5,,
159,2021-04-27,15.1,10.7,508,19,1421,,,,,,,8.8,250,1541,5.7,180,1320,2.9,2542,9.6,52,1036,70,12.1,1010.4,1021.6,1,1016.7,1749,1018.7,13.5,5.5,1100,3.02,20.5,,,,,,8.1,3.5,21.2,5.9,18.6,18,17.6,17.2,17.5,15.4,14.7,14,16.3,3.5,4.9,,
159,2021-04-28,17.1,14.7,531,20.7,1134,,,,,,,10.4,200,1249,7.3,200,1248,4,3440,12.3,56,1333,74.1,14.3,1006.8,1017.5,1,1012.6,2356,1015,13.5,10.9,1300,3.33,25.21,,,,,,6.3,0,26.4,13,20.9,19.5,18.6,17.7,17.7,15.5,14.8,14,16.3,3.8,5.4,,
159,2021-04-29,17.3,14.9,332,22,1132,,,,,,,9.5,250,1851,6.2,250,2159,2.9,2521,8.5,34,1115,57.4,11.2,997.9,1012.8,9,1003.6,1810,1006,13.6,8.1,1200,3.45,22.27,,,,,,5.6,3.8,24.3,12,20.7,19.8,19,18.1,18.1,15.6,14.9,14,16.3,5.3,7.5,0,
159,2021-04-30,16.8,12.9,2359,21.7,1519,1.5,.6,2344,1.1,2259,1.1,21.5,200,335,12.9,230,341,6.7,5799,6.2,25,1539,51.8,9.6,995.7,1008.4,2233,1001,412,1003.8,13.6,11.5,1200,3.52,27.4,,,,,,5.1,3.3,26,10.9,22.2,19.7,19,18.3,18.3,15.8,15,14,16.3,5.5,7.9,12.6,
159,2021-05-01,12.2,10.1,341,16.6,1438,6.42,.9,229,3.9,154,11.5,16,270,2344,10.3,270,2348,4.7,4103,6.2,45,1650,69,9.7,995.8,1007.9,2330,1000.9,502,1004,13.6,2.8,1300,2,13.72,,,,,,6.4,4.5,15.9,9.8,15.6,17,17.5,17.8,18.4,15.9,15,14,16.3,3.3,4.7,.3,
159,2021-05-02,12.6,8.6,631,16.9,1226,2.47,.3,619,.3,529,.3,15.2,270,21,9.8,270,23,4.1,3554,5.5,44,1217,62.6,9.1,1005.9,1018.9,2300,1007.5,120,1014.3,13.6,5.7,1100,2.57,18.37,,,,,,3.9,3,15.2,5.8,14.2,15.1,15.7,16.5,17.5,16,15.1,14.1,16.3,3.3,4.7,0,
159,2021-05-03,15.5,11,438,19.4,1234,,,,,,,14.1,200,1648,9.4,200,1653,4.6,4016,7.6,39,1255,60.6,10.4,1009.5,1019.7,929,1015.8,1756,1017.8,13.7,11.6,1200,3.65,28.76,,,,,,2.4,0,20.5,6.2,17.7,16.8,16.5,16.4,17.1,16.1,15.2,14.1,16.3,5.3,7.6,,
159,2021-05-04,16.4,14.3,241,18.4,1016,10.52,1.3,2211,5.8,2121,18.5,16.5,230,2351,10.5,200,2353,5.2,4452,13.7,67,1,85,15.8,1004.1,1017.5,14,1005,2341,1012.3,13.7,.2,1000,1.49,7.37,,,,,,9,5.5,17.2,11.7,16.4,16.7,16.7,16.8,17.4,16.1,15.3,14.1,16.3,1.6,2.2,24.5,
159,2021-05-05,18.5,14.4,2351,23.2,1627,2.17,2.3,27,5.4,3,6,20.3,230,41,13.2,230,46,4.8,4106,5.3,18,1635,47.6,9.8,1002.6,1017,2358,1002.6,258,1010.7,13.7,10.1,1200,3.66,26.99,,,,,,4.6,1.6,19.9,10.8,19,18.3,17.7,17.1,17.4,16.1,15.4,14.1,16.3,6.4,9.2,,.15
159,2021-05-06,17.1,11.5,506,21.7,1249,,,,,,,9.1,160,1318,6.1,180,1451,3,2625,.3,20,1205,32.9,6.3,1008.1,1019.2,753,1013.4,2328,1016.2,13.8,7,1000,3.23,22.25,,,,,,6.3,1,19,4.4,17.4,17.3,17.3,17.3,17.7,16.1,15.4,14.1,16.3,5.4,7.8,,
159,2021-05-07,17.4,15.3,347,20.3,1326,,,,,,,18.2,230,1151,12.4,230,1224,5.9,5130,10.4,41,1,65.1,13.2,999.4,1013.3,1,1003.8,1727,1007.5,13.8,5.3,1200,3.72,20.96,,,,,,6.5,2.5,20.4,11.9,18.9,18.5,18,17.5,17.7,16.2,15.5,14.2,16.3,4.2,6,,
159,2021-05-08,17,12.2,459,20.8,1216,,,,,,,16.4,200,1657,10.4,200,1645,5.1,4387,5.1,30,104,46.6,9.2,996.7,1008,123,1001.7,1615,1004.8,13.8,11.8,1100,3.35,27.12,,,,,,3.8,.4,22.9,6,19.4,18.6,18.1,17.7,17.8,16.2,15.5,14.2,16.3,5.6,8,,
159,2021-05-09,17.9,13.8,614,22,1127,,,,,,,11.3,230,7,8.5,250,2,3.7,3199,6.5,28,1117,48.1,9.7,1000.1,1010.5,2328,1003.6,1,1008.2,13.9,12.3,1200,3.58,29.35,,,,,,.5,0,25.6,9.9,21.1,19.6,18.8,18.1,18,16.3,15.4,14.2,16.3,6.2,8.8,,
159,2021-05-10,17.5,14.8,2336,21.3,1249,,,,,,,7.9,90,1313,5,340,236,2.2,1908,5.8,26,717,49.5,9.6,1004.2,1014.5,1048,1010,411,1012.4,13.9,2.8,1200,2.76,15.1,,,,,,8.9,4.5,22.1,10,19.9,19.2,18.7,18.3,18.4,16.4,15.6,14.2,16.3,3.2,4.5,,
159,2021-05-11,16.4,14.7,27,18.8,1406,,,,,,,12.2,50,2222,5,50,1953,3.4,2951,7.1,35,1603,55,10.2,1005.9,1015.5,1111,1012.9,129,1014.1,13.9,0,1100,1.41,9.47,,,,,,9.4,5.3,19.5,13.1,18.4,18.4,18.3,18.1,18.4,16.5,15.7,14.3,16.3,3,4.3,,
159,2021-05-12,18.5,15.8,439,24.8,1331,,,,,,,11.1,20,1041,6.3,50,1018,3.2,2733,9.9,43,1331,58,12.3,1003.5,1013.5,1,1010.2,1433,1011.6,13.9,5.5,1200,3.41,22.7,,,,,,7.8,6.9,24.8,14.4,21.2,19.8,18.8,18,18.1,16.5,15.7,14.3,16.3,4.7,6.7,,
159,2021-05-13,19.7,16.5,2123,25,1359,,,,,,,7.6,140,1121,5,140,1126,2.3,1975,11.8,37,615,62.1,14.3,1003.3,1012.7,2329,1010.4,1403,1011.4,14,9.2,1100,3.76,26.78,,,,,,5.1,3.3,29.2,12.5,24.1,21.8,20.4,19,18.6,16.6,15.8,14.3,16.3,4.5,6.4,,
159,2021-05-14,19.4,16.4,304,23.4,1337,,,,,,,5.8,140,1031,3.8,110,1034,1.6,1409,14.5,66,1229,73.9,16.6,1004,1013.1,627,1011.2,1658,1012.1,14,10.1,1100,3.19,24.95,,,,,,7.4,0,28.7,11.2,23.7,21.8,20.8,19.6,19.3,16.7,15.8,14.4,16.3,3.5,4.9,3.8,
159,2021-05-15,18.8,17.8,719,20.3,1318,9.92,2.3,907,7.9,1029,22.9,9.4,230,1428,6.5,230,1508,2.5,2131,17.9,74,101,94.8,20.5,999.7,1011.4,5,1005.2,1723,1007.8,14,0,1500,.55,3.15,,,,,,10,9,20.5,17.3,20.2,20.4,20.2,19.8,19.9,16.8,15.9,14.4,16.3,.7,.9,23.3,.93
159,2021-05-16,19.3,15.4,2341,20.9,1118,15.73,8.7,1133,17.4,1122,45.1,18,200,1135,11,200,1141,5.7,4889,18.9,95,2154,97.6,21.9,995,1006.7,1,999.7,1632,1003,14,0,1300,.37,2.38,,,,,,10,8.4,21.1,15.2,20.4,20.3,19.9,19.6,19.8,17,16,14.4,16.3,.5,.8,41.6,3.73
159,2021-05-17,14.7,14.2,454,16,1237,13.85,.5,1641,.7,1644,2.2,5.9,70,1024,3.1,70,1025,2,1751,14.1,90,1058,96.6,16.1,998.6,1010,2301,1003.1,242,1006.8,14.1,0,1100,.71,3.87,,,,,,10,9.8,17.8,14.2,17.9,18.8,19,19.3,19.8,17.3,16.1,14.4,16.3,.7,1,2.6,
159,2021-05-18,16.1,14.2,39,17.7,1632,12.25,.1,,.5,143,1.1,5.1,20,537,3.3,110,1302,1.8,1535,15,87,1457,93.6,17.1,1001.8,1011,1957,1008.8,53,1010,14.1,0,1200,.79,5.55,,,,,,9.6,9,18.5,13.8,18.1,18.5,18.4,18.6,19.3,17.5,16.3,14.5,16.3,1.4,2,0,
159,2021-05-19,19.3,16,244,23.6,1016,,,,,,,8.6,320,543,6.5,180,1351,2.6,2229,14.4,55,1640,74.4,16.4,1002.5,1011.9,2054,1008.9,1715,1010.6,14.1,9.5,1100,3.51,26.49,,,,,,6.4,.3,24.4,13.5,21.7,20.4,19.6,19,19.1,17.5,16.4,14.5,16.3,3.8,5.5,4.7,
159,2021-05-20,16.9,15.9,2223,17.9,1234,15.58,3.4,1153,10.6,1108,25,9.3,20,1437,4.9,50,1643,2.3,2000,15.3,70,517,90.5,17.4,996.1,1011.4,16,1000.1,1711,1004.2,14.1,0,1200,.54,2.63,,,,,,9.9,7.3,18.4,14.4,18.3,19.1,19.2,19.4,19.8,17.5,16.5,14.5,16.3,1.2,1.7,20.4,
159,2021-05-21,18.4,15.9,504,22.7,1320,1.92,.1,,.1,,.1,15.7,230,329,9.9,250,335,4.6,3972,12.6,46,1527,70.5,14.7,996.5,1008.5,2212,1000,308,1004.5,14.2,5.9,900,2.83,20.44,,,,,,7,5.5,21.6,14.1,19.9,19.5,19.1,19,19.4,17.7,16.6,14.5,16.3,3.8,5.5,,
159,2021-05-22,19,15.1,452,24.3,1231,,,,,,,11,200,1333,7.2,180,1428,3.2,2781,12.8,47,1159,68,14.8,1000.4,1009.7,2330,1006.7,1638,1008.5,14.2,12.5,1200,3.65,29.69,,,,,,1.5,1.4,24,11.1,21.6,20.6,20,19.4,19.6,17.8,16.7,14.6,16.3,5,7.1,,
159,2021-05-23,21.5,16.8,212,26.5,1104,,,,,,,9.7,320,547,6.1,320,749,3,2629,15,46,1111,67.9,17.1,1001.1,1010.4,739,1008,1733,1009.1,14.2,9.6,1400,3.18,26.31,,,,,,5.3,2.4,26.9,12.1,23.8,21.9,21,20.1,20.1,17.8,16.7,14.6,16.3,4.5,6.4,1.2,
159,2021-05-24,18.8,16.9,1153,21.3,339,6.67,.4,616,.6,733,1.2,9.2,250,406,6,250,409,3.4,2935,14.5,51,337,77,16.5,998.8,1008.2,1,1004.8,1512,1006.8,14.2,5.4,1300,3.52,15.85,,,,,,6.3,4.1,23.9,14.7,22.1,21.5,21,20.6,20.7,17.9,16.8,14.6,16.3,3.3,4.7,0,
159,2021-05-25,19.9,17,548,25.5,1541,.17,0,,0,,0,14.9,200,1045,9.5,200,1109,3.9,3390,6.4,19,2042,44.8,10.4,998.3,1009.9,2351,1002.9,1259,1006.3,14.2,8.2,1200,3.34,22.53,,,,,,4,1.9,23.9,11,21.5,21,20.6,20.3,20.6,18.1,16.9,14.7,16.3,5.7,8.2,0,
159,2021-05-26,17.9,15.5,2345,22.1,1044,4,.3,2113,.5,2109,.5,12.7,230,2201,9,230,2147,3.5,3058,5.4,25,2,47.4,9.6,1001.3,1012,845,1007.5,1810,1009.4,14.3,2.3,1100,3.12,16.57,,,,,,9.3,2.4,21.6,10.9,20.2,20.4,20.2,20,20.4,18.2,17,14.7,16.3,3.4,4.9,2.3,
159,2021-05-27,16.9,13.4,249,20.9,1657,4.28,.3,239,.9,149,1.8,13.4,250,1410,8.1,250,1455,3.2,2803,14.1,70,1657,84.4,16.1,994.1,1007.4,1,1000,1547,1002.2,14.3,3.4,1500,1.66,12.26,,,,,,5.5,3.5,19.1,12,18.7,19.4,19.5,19.7,20.2,18.3,17.1,14.7,16.3,2.5,3.6,,
159,2021-05-28,17.6,15,2101,21.5,1308,1.93,2.9,1714,3,1627,3,21.1,230,1536,14.8,230,1518,4.9,4258,14,64,2355,80.4,16.2,993.5,1005.5,11,997.3,1655,1001.6,14.3,6,1100,3.29,19.28,,,,,,2.3,2.3,21.1,8.3,19.9,19.7,19.4,19.3,19.9,18.3,17.1,14.8,16.3,3.3,4.8,3,
159,2021-05-29,18.7,14.4,546,22.8,1459,,,,,,,11.4,270,134,7.5,200,1511,3.8,3255,11.6,34,1625,65.1,13.7,997.4,1007.7,2140,1001.2,22,1005.5,14.3,11.5,1200,3.62,29.45,,,,,,2.3,1.6,25,8.3,21.8,20.5,19.8,19.4,19.8,18.3,17.2,14.8,16.3,5.1,7.3,,
159,2021-05-30,19.8,16.4,541,23.9,1407,,,,,,,7.4,110,1217,4.8,110,1217,2.2,1876,12.8,41,1512,65.9,14.8,1001.2,1011.1,2145,1007.6,15,1009.3,14.3,12.5,1200,3.64,29.58,,,,,,.4,.4,28.3,9.7,24.1,22.2,21.2,20.2,20.2,18.3,17.2,14.8,16.3,5.1,7.2,0,
159,2021-05-31,20.3,16.9,458,24.9,1525,.72,0,,0,,0,9.3,340,758,5.1,320,805,2.2,1912,12.6,34,1013,63,14.6,1003.5,1014.2,2209,1009.5,333,1011.6,14.4,9.6,1300,3.37,26.04,,,,,,3.6,3.6,28.7,12.1,24.5,22.9,21.9,20.8,20.7,18.4,17.3,14.9,16.3,5.3,7.5,,
159,2021-06-01,21.2,16.6,416,26.3,1408,,,,,,,5.7,50,246,3.8,110,1235,1.9,1664,11.7,29,1313,57.6,13.9,1005.9,1015.1,715,1012.7,159,1014,14.4,10.8,1300,3.41,27.67,,,,,,4.4,0,31.2,12.5,25.5,23.4,22.4,21.2,21.1,18.5,17.3,14.9,16.4,5,7.1,,
159,2021-06-02,21.4,19.1,454,25.6,957,,,,,,,8.2,200,1408,6.9,180,1416,1.8,1521,14.2,45,957,64.5,16.3,1005,1014.8,808,1011.5,1810,1013,14.4,6.8,1200,3.12,21.25,,,,,,7.5,.9,27.5,13.2,24.8,23.7,22.7,21.7,21.6,18.6,17.4,14.9,16.4,3.6,5.2,1.6,
159,2021-06-03,19.2,18.2,1014,19.9,2209,16.13,1.1,1103,3.5,1427,24.4,8.9,270,2245,4.9,270,2300,1.6,1383,17.7,74,329,91.8,20.3,995.8,1012,1,997.8,2023,1003.8,14.4,0,1300,.36,2.69,,,,,,9.6,6.8,20.5,13,20.5,21.2,21.3,21.4,21.8,18.7,17.5,15,16.4,.9,1.3,25,1.83
159,2021-06-04,20.7,17.1,617,24.8,1333,4.97,.4,531,.7,1,2.2,10,180,1452,7.3,180,1456,3.1,2672,13.7,40,1328,65.8,15.8,992.9,1002.5,2231,997.7,124,1000.8,14.4,8.3,1200,3.87,26.55,,,,,,6.6,1.9,24.7,14.7,23.2,22.2,21.5,21,21.3,18.9,17.5,15,16.4,5.4,7.7,,
159,2021-06-05,20.2,17.4,531,23.3,1136,,,,,,,12.9,250,2311,9.4,250,2319,5.5,4731,14.9,50,849,73.3,17.2,994.8,1004.6,2234,1001.8,1514,1002.7,14.4,10.7,1300,3.52,26.68,,,,,,4.9,.4,25.3,13.3,23.1,22.2,21.6,21.2,21.6,19,17.6,15,16.4,4.4,6.3,,
159,2021-06-06,20.9,18.4,535,24.7,1350,,,,,,,10.9,200,1459,7.6,180,1205,4.6,3968,16,58,2250,74.6,18.3,999.8,1011.4,2343,1004.2,59,1007.8,14.4,10,1200,3.48,26.87,,,,,,4.1,1.6,27.9,15.5,25.1,23.5,22.5,21.6,21.8,19.1,17.7,15.1,16.4,5.2,7.4,,
159,2021-06-07,21.6,19.1,522,25.8,1412,,,,,,,9.6,270,228,7.5,180,1237,3.9,3330,15.3,51,140,68.5,17.6,1005.2,1014.8,2201,1011.3,27,1013.2,14.4,12.1,1200,3.53,28.38,,,,,,3.8,.9,29.5,12.5,25.7,24.1,23.1,22.1,22.1,19.2,17.8,15.1,16.4,4.9,7,,
159,2021-06-08,23,20.1,353,26.2,1548,,,,,,,8.4,250,437,5.4,230,527,2.7,2291,15.9,47,2140,65.4,18.3,1007,1016.1,1200,1013.7,212,1015,14.5,11.5,1200,3.52,28.42,,,,,,3.8,0,32.2,15,27.1,25.1,23.9,22.7,22.4,19.3,17.9,15.1,16.4,5.1,7.4,,
159,2021-06-09,23.1,19,509,27.8,1214,,,,,,,7.4,70,1558,4.1,70,1546,2.4,2032,13.8,43,1401,56.5,15.8,1007.4,1016.4,1143,1014.2,1803,1015.4,14.5,11.8,1200,3.56,28.97,,,,,,2.5,.3,32.8,13.6,27.4,25.5,24.3,23.1,22.9,19.5,18,15.2,16.4,5.8,8.2,,
159,2021-06-10,22.4,19.5,516,26,1104,.25,0,,0,,0,5.8,90,804,3.7,180,1214,2.1,1850,16.9,52,651,71.6,19.5,1005.4,1015.3,1,1011.8,2318,1013.4,14.5,5.3,1100,2.98,19.38,,,,,,7.5,1.8,28.2,14.3,25.5,24.7,23.9,23.1,23.2,19.7,18.1,15.2,16.4,3,4.3,16.4,
159,2021-06-11,20.8,19.6,1000,22.9,1,23.67,3.3,1852,12.8,1835,82.6,10,250,2253,6.1,230,2225,2.5,2159,19.8,75,1,94.4,23.1,1003.3,1012.4,2148,1010.4,430,1011.4,14.5,0,1200,.56,3.15,,,,,,10,8.4,22.4,19.1,22.2,22.8,22.8,22.8,23.3,19.8,18.2,15.3,16.5,.7,1,112.4,
159,2021-06-12,20.9,20.4,545,21.6,1105,23.67,2.4,221,10.3,212,73.4,10.6,200,7,6.6,230,12,1.9,1674,20.6,97,2,98.4,24.2,1003.3,1012.6,831,1010,1843,1011.3,14.5,0,1000,.66,4.52,,,,,,10,9.3,23,19.9,22.3,22.3,22.1,22.1,22.9,20.4,18.5,15.3,16.4,1,1.4,27.2,1.73
159,2021-06-13,22.8,20.4,34,26.8,1409,.33,0,,0,,0,5.5,140,1000,3.8,110,1008,1.5,1283,20.8,71,1412,89.1,24.6,1000.1,1010.8,1,1005.9,1724,1008,14.5,6.4,1200,3.4,23.95,,,,,,7.3,7.3,28,18.7,26.2,24.5,23.3,22.6,22.9,20.8,18.9,15.5,16.4,3.9,5.6,,.85
159,2021-06-14,22.4,20.5,408,25.9,1200,,,,,,,7.1,50,2039,4.8,110,1230,2,1737,19.7,70,1157,85.6,23,998.3,1007.4,630,1005.1,1747,1006.3,14.5,3.5,1100,2.74,18.67,,,,,,7.6,5.9,25.2,16.7,24.5,24.5,23.9,23.4,23.6,20.8,19.1,15.5,16.5,3,4.3,,
159,2021-06-15,20.8,18.6,2351,22.9,1232,10.58,2.6,1606,7.2,1526,30,9.9,70,2219,4.7,70,2227,2.6,2234,19,80,922,90.1,22,995.8,1006.1,1,1002.2,2352,1003.8,14.5,0,1200,.76,4.79,,,,,,9.8,8.4,23.1,17.8,22.7,23.2,23.2,23.2,23.8,20.9,19.1,15.5,16.5,1.1,1.5,43.4,
159,2021-06-16,20,18.3,148,22.5,1347,8.37,1.9,229,8,143,13.5,13.1,50,710,5.8,70,658,3.9,3337,17.6,75,1349,86.6,20.1,995.6,1006.4,2144,,117,1003.6,14.5,0,1200,1.42,8.66,,,,,,9.5,8.4,22.2,17.4,21.8,22.1,22.1,22.4,23.4,21.1,19.3,15.6,16.5,1.9,2.7,.1,
159,2021-06-17,19.9,18.2,451,23.2,1348,5.7,.6,2259,1,2222,1.1,9,20,659,5.2,50,700,2.5,2201,16.9,70,1219,83.5,19.3,997.9,1007,907,1005.1,1626,1005.9,14.5,.9,1400,1.94,13.49,,,,,,9,7.4,23.7,16.9,22.7,22.4,22.2,22.2,23.1,21.2,19.4,15.7,16.5,2.1,3,6.1,
159,2021-06-18,20,18.3,314,22,1103,5.03,.8,539,3,505,5,7.7,180,1325,5.5,180,1415,2.4,2032,18.4,78,1105,91,21.2,993.5,1005.1,1,999.4,1759,1001.5,14.5,0,1300,1.35,8.68,,,,,,8.6,5,22.3,17.4,21.9,22.3,22.2,22.3,23.1,21.1,19.5,15.7,16.5,2,2.9,,
159,2021-06-19,22.9,19.7,146,27.2,1140,,,,,,,8.4,50,714,4.8,180,1201,2.2,1858,17.6,51,1634,73.1,20.1,992.3,1001.9,2313,999.1,422,1000.1,14.5,12.5,1200,3.65,30.05,,,,,,1.9,.5,27,15.5,24.9,23.7,23,22.5,22.9,21.1,19.6,15.8,16.5,5.2,7.5,,
159,2021-06-20,23,19.7,536,26.5,1428,,,,,,,6.9,200,1310,5.2,180,1318,2.6,2205,17.6,53,1559,72.9,20.2,993.7,1002.6,815,1000.6,1758,1001.6,14.5,10.8,1100,3.61,27.39,,,,,,5,.3,28.9,15.8,26,24.8,23.9,23.3,23.5,21.1,19.6,15.8,16.6,5.2,7.4,,
159,2021-06-21,23.9,20.1,2352,30.9,1359,,,,,,,9.4,50,1748,4.9,70,1754,2.9,2465,15.8,33,1336,61.6,18,995.6,1007.4,2335,1000.8,255,1003.5,14.5,11.4,1200,3.78,29.64,,,,,,3.4,1.3,29.2,16.2,27.6,25.9,24.8,23.8,23.9,21.2,19.6,15.9,16.6,6.1,8.7,,
159,2021-06-22,21.3,18.6,429,25.1,1244,1.77,.1,,.1,,.1,8.3,20,42,4.1,50,8,2.9,2502,15.8,59,1245,71.8,18,1001.1,1011.7,2207,1007.1,147,1009.1,14.5,8.9,1200,3.51,26.02,,,,,,4.3,3.8,29.9,16.1,26.5,25.4,24.6,23.9,24.2,21.3,19.7,15.9,16.6,4.4,6.3,.1,
159,2021-06-23,21.1,18.6,439,25.4,1446,,,,,,,7.5,50,27,3.9,50,27,2.6,2282,16.1,61,1233,73.8,18.3,1002.8,1012.4,2220,1009.4,237,1010.8,14.5,5,1400,3.26,20.67,,,,,,6.9,6,29.3,16.4,26,24.9,24.2,23.8,24.2,21.4,19.7,16,16.6,3.7,5.3,,
159,2021-06-24,21.7,19.1,353,25.4,1226,,,,,,,6.5,200,1342,4.7,200,1349,2.1,1844,16.9,61,1228,74.6,19.2,1003.4,1012.5,802,1010.1,1728,1011.4,14.5,5,1100,2.64,20.36,,,,,,6.5,4.6,29.1,15.3,26,25.1,24.3,23.8,24.2,21.4,19.8,16,16.6,3.7,5.3,,
159,2021-06-25,22.2,18.9,456,25.9,1645,,,,,,,7.1,180,1416,4.7,180,1417,2,1730,17.9,61,1722,77.1,20.5,1002.7,1011.8,1,1009,1718,1010.6,14.5,12.5,1200,3.58,28.58,,,,,,3.9,.1,31.3,13.8,27.3,25.9,24.8,23.9,24.3,21.5,19.9,16,16.7,4.5,6.5,0,
159,2021-06-26,23,21.2,429,26.3,1521,2.98,0,,0,,0,7.4,180,1300,5.1,180,1305,1.6,1348,18.2,58,2002,75.4,21,1001.9,1011.5,835,1008.8,1659,1009.9,14.5,5.6,1200,3.42,19.61,,,,,,6.6,2.5,30,16.4,27.1,26.1,25.1,24.3,24.7,21.6,19.9,16.1,16.7,4.1,5.8,0,
159,2021-06-27,23.8,19.9,331,27.7,1507,,,,,,,8.6,70,2013,4.6,110,1004,2.8,2385,17.7,58,1102,69.6,20.4,998.9,1009.3,1,1004.8,1749,1006.9,14.5,11.2,1200,3.5,28.44,,,,,,2.8,.8,33.3,14.9,28.3,26.5,25.4,24.4,24.8,21.7,20,16.1,16.7,5.5,7.9,,
159,2021-06-28,24.1,21.5,530,28.3,1324,,,,,,,11,90,1502,4.8,70,1442,2.9,2473,18.3,57,1324,70.9,21.1,996.4,1006.2,6,1002.6,1803,1004.3,14.5,11,1200,3.59,27.46,,,,,,5.3,2.6,33.6,19.1,28.9,27.2,26,24.9,25.2,21.8,20.1,16.2,16.7,5.5,7.8,,
159,2021-06-29,23.5,20.8,406,28.3,1107,,,,,,,8.4,160,1219,5.3,110,1224,2.5,2155,18.5,56,1108,73.8,21.3,997.4,1007.1,2240,1004.1,247,1005.4,14.5,7.9,1000,3.32,24.55,,,,,,4.8,2.8,32.7,18,28.4,26.8,25.8,25,25.5,21.9,20.1,16.2,16.7,4.3,6.1,,
159,2021-06-30,23.9,21.3,241,27.9,1353,,,,,,,7.8,50,2003,4,50,2012,2.7,2372,18.5,58,1459,73,21.4,998.8,1007.9,1008,1005.8,1822,1006.7,14.5,8.1,1300,3.5,25.39,,,,,,5.9,3.1,33.7,19.3,28.6,27.1,26.1,25.1,25.6,22,20.2,16.3,16.7,4.9,7,,
159,2021-07-01,24.8,21.4,407,29.5,1348,,,,,,,6.8,50,2351,4.6,110,1402,2.6,2238,18.1,51,1850,66.8,20.9,998,1007.1,2128,1004.2,1717,1005.9,14.5,8.2,1300,3.51,24,,,,,,4,2.4,33.7,18.7,29,27.4,26.3,25.3,25.8,22.2,20.3,16.3,16.8,5.1,7.3,,
159,2021-07-02,24.7,21.7,324,29.4,1508,,,,,,,10.5,50,1217,4.7,50,300,3.2,2785,18.7,58,1508,69.6,21.6,1000.2,1010.2,2207,1006.4,4,1008.1,14.5,4,1400,2.31,18.37,,,,,,5.5,3.3,32.7,18.9,27.8,26.7,26,25.3,26,22.3,20.4,16.3,16.8,3.7,5.3,,
159,2021-07-03,22.9,21.5,1503,24.8,1011,12.33,3.2,1553,11.1,1501,40.8,13.8,200,2345,9.6,200,2354,3.4,2954,20.7,73,1012,88.1,24.5,999.8,1010.4,23,1005,2355,1007.7,14.5,0,1000,1.18,5.1,,,,,,9.6,8.6,25.2,20.8,24.5,25,25,25,26,22.4,20.5,16.4,16.9,1.1,1.6,103.7,
159,2021-07-04,23.9,21.5,2235,26.6,1312,12.92,4.6,507,22.3,452,66.2,24.6,200,419,14.6,230,638,7.7,6655,21.6,73,1715,87.5,25.8,997.7,1009.8,2231,1001.8,401,1005.6,14.5,2.2,1200,2.99,14.03,,,,,,9.3,6.5,25.3,20.1,25.2,25.3,24.7,24.3,25.4,22.7,20.6,16.4,16.8,2.8,4,11,1.88
159,2021-07-05,22.7,20.8,613,24.6,2312,15.63,1.2,942,4.1,853,16.1,16.6,180,2334,9.4,200,2357,3.4,2908,21,79,1744,91,25,1001.5,1011.1,953,1008,2359,1009.5,14.5,0,1200,1.01,5.56,,,,,,9.9,7.4,24.1,20,23.8,24.1,24,24.2,25.4,22.9,20.9,16.6,16.9,1.3,1.8,62.1,
159,2021-07-06,23.4,21.5,1029,24.7,9,22.67,5.1,1928,18.8,833,121.3,24.3,250,229,14.2,230,232,6.6,5671,22.7,92,421,96.3,27.6,999.7,1009.2,1845,1006.2,325,1007.6,14.4,0,1300,.68,2.49,,,,,,10,9.1,24.5,21.4,24.1,24.2,23.9,24,25.2,23.1,21.1,16.7,16.9,.8,1.2,68.2,.98
159,2021-07-07,23.7,21.6,2045,26.4,904,15.58,13.4,1427,45.5,1408,137.5,10.9,180,341,6.6,200,447,3.2,2756,22.9,87,907,95.8,27.9,999.9,1009,1046,1006.5,1754,1007.8,14.4,.1,900,.87,3.54,,,,,,10,8.8,25.4,21.1,24.5,24.5,24.1,24,25,23.5,21.7,17.1,17.2,.9,1.3,136.9,2.92
159,2021-07-08,23.7,21.6,1,27.7,1148,3.5,.3,1829,.6,1759,.7,8.9,270,725,5.5,250,759,2.5,2190,22.2,80,1149,92.3,26.9,997.5,1006.8,5,1003.9,447,1005.4,14.4,.4,1000,1.79,9.92,,,,,,9.5,7.5,26.3,21.3,25.3,24.7,24.2,24,24.8,24,22.4,17.8,17.8,1.6,2.2,4.9,1.25
159,2021-07-09,24.4,22.2,25,28.1,1559,6.28,1.5,46,1.9,3,4.2,9.7,200,2113,6,200,2118,1.7,1437,22.7,73,1558,90.6,27.6,997.3,1006.9,2326,1003.5,527,1005.2,14.4,2,1500,1.97,12.34,,,,,,8.4,7,27,21.7,26,25.4,24.8,24.4,25.1,23.9,22.4,17.7,17.6,2.4,3.5,,
159,2021-07-10,25.3,23.4,126,28,1230,,,,,,,12.4,230,1555,9.2,230,1544,3.6,3143,22.4,71,1223,84.9,27.1,1000.2,1010.6,2303,1006.4,223,1008.1,14.4,4.7,1100,3.32,20.42,,,,,,6.9,5,27.4,21.6,26.6,26.3,25.6,25,25.5,23.8,22.4,17.7,17.5,3.8,5.5,,
159,2021-07-11,26.2,23.8,424,29.1,1319,,,,,,,11.7,270,913,7.3,180,1302,4.3,3675,23.3,68,1135,84.6,28.6,1002.1,1011.3,913,1008.9,1715,1010,14.4,8.7,1200,3.28,25,,,,,,5.1,4.9,28.9,21.6,27.8,27.1,26.2,25.5,26,23.8,22.4,17.7,17.4,4.5,6.5,,
159,2021-07-12,27.2,25.4,1,29.9,1339,,,,,,,9.9,180,1604,6.9,180,1604,4.2,3624,24.1,67,1450,83.6,30,1002,1010.8,710,1009,1750,1009.9,14.4,8.5,1200,3.63,25.48,,,,,,5.3,3.8,31.6,24.1,30.4,28.7,27.4,26.3,26.6,23.8,22.4,17.7,17.4,4.7,6.7,,
159,2021-07-13,27,25.1,445,29.5,1332,,,,,,,11.9,200,1258,8.5,230,1306,4.2,3614,24.4,77,1327,85.9,30.5,1003,1011.8,2148,1009.7,334,1010.8,14.3,7.2,1200,3.26,22.97,,,,,,5.4,3.8,31.8,22.4,30.4,29,27.9,26.9,27.1,23.9,22.4,17.8,17.4,4.3,6.1,,
159,2021-07-14,27.5,25.2,524,30,1511,,,,,,,10.2,250,1546,6.6,200,1230,3.8,3308,24.6,76,1500,84.6,30.9,1004.6,1013.5,2355,1011.5,1721,1012.5,14.3,8.7,1400,3.08,23.88,,,,,,3.5,2.1,32.9,22.3,31.1,29.3,28.2,27.2,27.4,24.1,22.4,17.8,17.4,4.3,6.1,,
159,2021-07-15,27.3,25.5,507,30,946,,,,,,,8.2,200,1226,6.1,180,1228,2.7,2324,24,69,1356,83,29.9,1006.4,1015.1,1130,1013.1,126,1014.3,14.3,8.8,1100,3.47,23.22,,,,,,4.1,2.3,33.3,21.6,31.6,29.7,28.5,27.4,27.7,24.2,22.5,17.8,17.4,4.1,5.8,.1,
159,2021-07-16,27,25,530,30.4,1107,.83,.1,,.1,,.1,8,70,1659,4,110,1424,2.3,1998,23,65,1325,79.4,28.2,1006.1,1015.5,750,1012.8,1520,1013.9,14.3,8.1,1300,3.43,24.35,,,,,,6.4,4.4,33.2,21.5,31.7,30.2,28.9,27.7,27.9,24.4,22.5,17.9,17.4,4.3,6.2,6.1,
159,2021-07-17,25.5,23.2,52,28,1202,2.12,5.6,15,5.6,15,7.7,10,20,22,4.3,110,1235,2.6,2231,21.8,72,1147,80.4,26.1,1003.9,1013.2,20,1011.1,1518,1011.8,14.3,2.9,1300,2.75,16.7,,,,,,7.4,6,28,21.1,28,28.3,27.9,27.5,28.1,24.5,22.6,17.9,17.5,3.2,4.6,1.6,.1
159,2021-07-18,26.3,24.3,452,29,1437,,,,,,,8.8,70,1611,4.3,70,1613,2.2,1931,22.2,69,1429,78.9,26.8,1003.5,1012.5,2227,1010.5,1415,1011.4,14.2,2.5,1400,2.11,15.49,,,,,,7.5,6.3,28.2,21,27.9,27.6,27.2,27,27.9,24.7,22.7,17.9,17.5,2.9,4.2,1.1,
159,2021-07-19,26.8,24.3,622,29.7,1532,4.08,.3,427,.8,358,1.1,7,50,2114,3.4,90,1249,1.8,1525,23.1,66,1535,80.8,28.2,1004.9,1013.9,2344,1011.5,233,1012.8,14.2,1.6,1100,2,15.14,,,,,,8.6,4.5,28.7,23.1,28,27.7,27.2,26.8,27.8,24.7,22.7,18,17.5,3.1,4.5,,
159,2021-07-20,28.4,25.6,553,32.4,1442,,,,,,,7.8,70,1950,3.8,90,1529,2.4,2074,21.8,53,1132,69,26.2,1005.5,1014.9,810,1011.9,1746,1013.4,14.2,11.3,1200,3.34,26.95,,,,,,5.1,.9,33.1,22.2,31.5,29.7,28.3,27.2,27.8,24.8,22.8,18,17.5,5.7,8.2,,
159,2021-07-21,27.9,25.7,349,31.2,1248,,,,,,,9,50,2128,4.5,70,1607,2.9,2464,22.1,59,1251,70.9,26.6,1003.8,1013.1,1,1010.3,1609,1011.6,14.2,8.4,1300,3,22.12,,,,,,7.6,.9,32.1,22.2,30.8,29.7,28.6,27.7,28.2,24.9,22.9,18,17.6,4.6,6.5,,
159,2021-07-22,28,25.2,436,31.6,1324,,,,,,,9.4,70,1723,4.3,50,2020,2.8,2462,22.5,61,1147,73,27.3,1002.3,1012,5,1009,1738,1010.2,14.2,8.7,1200,3.17,22.92,,,,,,6.5,1.3,33.3,22,31.5,30,28.8,27.7,28.3,25,22.9,18.1,17.6,4.5,6.5,,
159,2021-07-23,27.8,25,521,32,1242,,,,,,,7.7,70,2013,3.6,90,1248,2.6,2239,22.8,62,1148,74.9,27.9,1001,1010.2,1,1007.5,1723,1008.8,14.1,9.2,1200,3.48,24.79,,,,,,7.8,.6,32.7,21.9,31.2,30.2,29.1,28,28.4,25,23,18.1,17.6,4.9,7.1,,
159,2021-07-24,28.1,25.5,520,31.7,1301,,,,,,,8,70,1719,3.9,90,1438,2.4,2105,22.6,56,1302,72.6,27.4,1000.1,1009.1,729,1006.7,1929,1007.9,14.1,9.9,1200,3.4,24.71,,,,,,6.8,1.5,34.4,22.9,32.5,30.6,29.4,28.2,28.7,25.1,23.1,18.1,17.6,4.9,6.9,,
159,2021-07-25,27.9,26,336,31.1,1330,,,,,,,10,90,1218,4.1,70,1109,2.6,2228,22.3,55,1651,72.3,26.9,998.7,1007.8,612,1005.4,1717,1006.5,14.1,7.5,1300,3.36,23.33,,,,,,6.8,1.3,34.4,23,32.3,30.6,29.4,28.3,28.9,25.3,23.1,18.2,17.7,5,7.2,,
159,2021-07-26,28.1,25.6,505,31.3,1510,,,,,,,8.9,140,1244,5.7,110,1237,2.8,2452,22,54,1602,70.3,26.4,996.6,1006.3,8,1003.3,1734,1004.4,14.1,10.9,1200,3.28,27.65,,,,,,2.5,1.9,35.6,22.9,33,30.8,29.5,28.4,29,25.4,23.2,18.2,17.7,5.5,7.8,,
159,2021-07-27,28.1,25.2,522,31.9,1117,,,,,,,9.1,90,1700,4,90,1304,2.7,2355,23,63,944,74.1,28.1,994.6,1003.9,1,1001.2,1657,1002.4,14,11.6,1200,3.49,28.18,,,,,,1,1,35.8,21.7,33.2,31.1,29.8,28.6,29.2,25.5,23.3,18.2,17.7,5.6,8,,
159,2021-07-28,27.9,24.9,439,32,1354,,,,,,,8.5,110,1457,5.1,110,1139,2.4,2112,22.5,59,1328,73.1,27.3,994.5,1003.3,755,1001.2,1654,1002.3,14,10.2,1200,3.51,25.47,,,,,,2.3,2.3,35.2,20.8,33,31.1,29.9,28.7,29.5,25.6,23.4,18.3,17.8,5.2,7.5,,
159,2021-07-29,28.1,25.1,506,31.7,1153,,,,,,,7.4,180,1423,5.1,180,1353,2.3,2030,22.2,48,1727,71,26.8,994,1002.8,15,1000.5,1749,1001.7,14,11.3,1300,3.44,26.68,,,,,,3.8,1.3,36.3,20.7,33.4,31.2,30,28.8,29.6,25.7,23.4,18.3,17.8,5.4,7.7,,
159,2021-07-30,27.8,25.1,521,30.8,1541,,,,,,,9.4,250,2158,6.3,180,1110,3.8,3250,22.6,58,1522,74.3,27.5,993,1001.7,733,999.7,1735,1000.7,14,11.5,1200,3.52,26.09,,,,,,5.6,.3,35.8,20.5,33,31.1,30,28.9,29.8,25.8,23.5,18.4,17.8,5.1,7.2,4.2,
159,2021-07-31,28,25.9,823,30.1,1442,1.15,2.4,759,4.2,746,4.2,9.4,230,104,6.8,180,1544,3.4,2954,24.9,75,1448,84.1,31.6,992.3,1001.6,802,998.6,1816,1000,13.9,4.7,1400,2.3,16.87,,,,,,7.8,3.6,30.8,24.5,30.2,30.1,29.4,28.8,29.9,25.9,23.6,18.4,17.8,3.5,5,,
159,2021-08-01,29.1,26.5,546,32.1,1057,,,,,,,8.2,180,1243,6,180,1628,2.7,2366,25.2,66,1055,80.5,32.1,992.1,1001.2,2324,998.4,1558,999.8,13.9,8.6,1100,3.31,23.86,,,,,,4.5,2.3,34.7,23.6,32.7,30.9,29.7,28.7,29.7,26,23.7,18.4,17.9,4.9,7,,
159,2021-08-02,29,26.8,600,32,1200,,,,,,,8.4,200,1431,5.7,180,1428,3.1,2665,24.3,58,1909,76.5,30.5,995.2,1005.4,2327,1000.9,200,1002.9,13.9,10.3,1100,3.38,25.09,,,,,,5.3,2.5,36.7,23.3,34,31.8,30.4,29.2,29.8,26.1,23.8,18.5,17.9,4.6,6.5,,
159,2021-08-03,28,26,530,31.5,1307,,,,,,,10.8,200,848,7.1,180,852,2.5,2169,23.1,56,1231,75.8,28.3,999.7,1009.3,2319,1004.9,120,1007.5,13.9,4.8,1200,3.39,18.65,,,,,,7.6,3.5,33.3,21.7,32.1,31.1,30,29.1,30,26.2,23.8,18.5,17.9,4,5.8,,
159,2021-08-04,29.4,26.4,528,32.7,1033,,,,,,,7.2,180,1156,5.2,180,1203,1.7,1465,23.3,54,940,70.5,28.7,1000.3,1009.5,920,1006.5,1641,1008.1,13.8,11.1,1200,3.4,26.77,,,,,,2,1.6,37.4,21.9,34.6,32,30.5,29.2,29.9,26.2,23.9,18.6,18,5.6,8,,
159,2021-08-05,29.8,26.9,533,33.2,1106,,,,,,,7.6,110,1238,5,110,1338,1.7,1480,24.4,57,1858,73.4,30.6,997.4,1007.6,1,1003.3,1750,1005.1,13.8,12.3,1200,3.43,27.66,,,,,,.4,.4,37.9,23.6,34.9,32.4,30.9,29.6,30.2,26.3,24,18.6,18,5.7,8.1,,
159,2021-08-06,30.4,26.8,449,35.6,1434,,,,,,,8.2,110,1438,4.6,110,1215,2.1,1857,24.5,50,1418,71.8,30.8,994.1,1004.1,1,999.7,1647,1001.8,13.8,11.6,1200,3.46,27.36,,,,,,1,.4,38.2,22,35.2,32.6,31.1,29.8,30.5,26.4,24.1,18.7,18,5.5,7.8,,
159,2021-08-07,29.7,27.5,616,33.1,1211,.67,.7,2349,.8,2320,.8,6.9,110,1322,4.5,110,1430,2.1,1817,24.1,59,1116,72.5,30.1,993.8,1002.8,2143,1000.3,1713,1001.5,13.7,8.9,1200,3.36,24.16,,,,,,6.3,2,38,24.3,35.1,32.8,31.3,30,30.8,26.5,24.1,18.7,18,4.6,6.6,42.9,
159,2021-08-08,25.3,23.3,2248,28,1,15.7,19.6,105,39.6,36,43.3,9.9,250,107,5.5,320,56,2.6,2234,23.5,83,950,90.4,29.1,993,1003.7,106,998.2,2353,1000.8,13.7,0,1100,.81,4.91,,,,,,9.6,5.5,27.4,21.6,27.3,28.8,29,29.2,30.7,26.6,24.2,18.7,18.1,1.4,1.9,3.3,
159,2021-08-09,26.3,22.9,240,32.1,1428,4.48,.4,138,1.5,110,2.1,12.5,340,610,6.2,320,616,3.3,2851,21.8,52,1429,77.9,26.2,993.6,1006,2325,997.2,332,1001.4,13.7,4.3,1300,3.32,18.41,,,,,,7.9,4.5,28.8,21.6,28.2,28.1,27.8,27.9,29.7,26.7,24.3,18.8,18.1,3.8,5.5,.5,
159,2021-08-10,26.2,22.7,413,29.4,1342,1.38,.5,331,.5,315,.5,7.8,110,1403,4.6,110,1328,2.4,2050,22.1,68,1358,78.9,26.7,1000.6,1010,2356,1005.2,123,1008.5,13.6,5,1300,3.27,20.45,,,,,,8.5,5.5,28.9,20.9,28.7,28.5,28.1,27.9,29.5,26.7,24.4,18.8,18.1,3.6,5.2,0,
159,2021-08-11,26,24.5,1938,28.6,1143,.53,0,,0,,0,9.9,200,1306,6.4,180,1407,2,1720,22.6,68,1130,82.4,27.5,1002.1,1010.9,1006,1009,1531,1010,13.6,3.1,1400,2.5,13.63,,,,,,7.4,3.6,28.8,21.4,28,28.2,28,28,29.5,26.7,24.4,18.9,18.1,2.8,4,0,
159,2021-08-12,26.3,23.4,537,29.9,1033,2.62,.1,,.2,,.2,6.7,110,1315,4.2,110,1126,2.3,1997,22.6,66,1018,80.5,27.4,1000.7,1010.3,1,1007.1,2316,1008.6,13.6,3.8,1400,2.37,17.6,,,,,,8.8,3.9,29.8,20.2,28.9,28.3,27.8,27.7,29.2,26.6,24.5,18.9,18.2,3.2,4.6,.7,
159,2021-08-13,25,23.7,2352,26.4,1139,10.6,.3,258,.5,241,1.6,8.4,50,1113,4,50,1118,2.4,2105,22.1,75,1022,84.8,26.7,997,1007.4,5,1003.3,1704,1004.9,13.6,0,1100,.66,6.2,,,,,,9.9,4.4,26.9,21.8,26.4,27.2,27.3,27.5,29.1,26.6,24.5,19,18.2,1.4,1.9,6.8,
159,2021-08-14,23.6,21.6,801,25.9,1731,10.73,2.1,1039,3.4,1040,15,11.3,20,1537,5.6,50,1341,2.8,2401,21,66,1743,86.5,25,997.7,1008.8,2354,1003.6,453,1005.6,13.5,1.3,1500,1.33,8.24,,,,,,9.1,3.1,25.8,20.1,25.1,26,26.3,26.8,28.6,26.5,24.5,19,18.2,2,2.9,9.3,
159,2021-08-15,24.7,22.4,347,28.7,1027,.75,.1,,.1,,.2,9.9,20,1649,4.4,50,1653,2.7,2332,20.3,61,1202,77.1,23.9,1004.6,1014.8,2043,1008.7,13,1012.5,13.5,5.2,1000,2.74,16.08,,,,,,8.1,3,26.3,19.1,25.8,26,26,26.3,28,26.5,24.5,19.1,18.3,3.2,4.5,.2,
159,2021-08-16,25,22,413,28.2,1503,,,,,,,10.4,70,1645,4.6,90,1043,3.2,2764,19.8,60,1411,73.4,23.1,1004.9,1014.9,4,1010.6,2351,1012.8,13.5,7.3,1400,2.7,21.02,,,,,,7.9,3.4,27.7,19.1,26.6,26.3,26.2,26.3,27.9,26.3,24.5,19.1,18.3,4,5.7,2.4,
159,2021-08-17,22.8,20.4,1102,26.1,1704,9.3,12.2,1045,37.6,1037,42.8,11.5,360,1551,5.7,50,1051,3.2,2797,20.4,71,1704,87.3,24,999.4,1010.7,32,1005.7,1538,1007.4,13.4,1.8,1300,1.74,9.01,,,,,,8.5,5.5,24.8,18.5,24.5,25.4,25.5,25.9,27.9,26.2,24.5,19.2,18.3,2,2.9,40.4,.78
159,2021-08-18,23.4,21.7,440,25.9,1605,3.75,1.7,959,3.6,930,4.1,11.7,20,1716,5.2,50,1720,2.9,2503,20.1,69,1626,82.1,23.6,999.8,1008.8,954,1006.5,1606,1007.7,13.4,.4,1200,1.48,9.32,,,,,,7.4,5.4,25,18.3,24.4,24.9,24.9,25.3,27.1,26.2,24.5,19.2,18.3,2.2,3.2,4.1,
159,2021-08-19,24.6,22.2,602,28.1,1221,1.13,0,,0,,0,10.2,50,229,5,110,1659,2.4,2077,20.5,64,1304,78.3,24.1,1002.2,1012.9,2152,1007.4,346,1010.1,13.4,2.2,900,1.69,13.59,,,,,,7.6,5.5,26.3,18.7,25.5,25.5,25.2,25.3,26.9,26,24.5,19.2,18.4,2.7,3.8,0,
159,2021-08-20,25.5,21.9,541,29.3,1515,,,,,,,7.7,140,1141,4.7,110,1123,2.3,1978,21.8,63,1414,81.3,26.2,1004.5,1013.6,826,1011.2,1650,1012.4,13.3,9.4,1400,3.27,23.82,,,,,,4.6,4.4,28.6,17.4,27.6,26.7,26.1,25.7,27,25.9,24.4,19.3,18.4,4,5.6,25.1,
159,2021-08-21,23.8,20.8,1543,25.7,1417,14.05,15,1206,39.5,1138,99.1,29.7,200,1449,13.8,200,1456,6.4,5525,22.6,83,150,93.4,27.5,998.9,1011.8,1,1001.9,1448,1006.8,13.3,0,1000,.21,1.29,,,,,,9.8,8.6,24.8,20.3,24.5,25.2,25.4,25.7,27.4,25.8,24.4,19.3,18.4,1.1,1.5,74,.9
159,2021-08-22,26.1,24.2,545,29.7,1600,,,,,,,19.8,250,4,13.4,230,2,4.3,3676,23,66,1545,83.9,28.1,1000.1,1010.1,2342,1005.2,423,1008,13.3,7.1,1500,2.57,18.99,,,,,,7.4,1.8,27.5,21,26.6,26.2,25.5,25.2,26.6,26,24.6,19.7,18.7,3.4,4.8,0,
159,2021-08-23,24,22.3,1358,26.7,1032,13.58,12.6,2327,47.5,2255,79.7,18.2,110,2346,9.2,110,2348,2.4,2069,22.7,82,314,93.4,27.7,1000.2,1011,919,1000.3,2348,1008.1,13.2,0,1000,.94,5.08,,,,,,10,6.6,25.6,21.5,25.1,25.8,25.6,25.6,26.9,25.9,24.6,19.8,18.7,1,1.5,110.3,.98
159,2021-08-24,25.5,23.4,354,26.8,1754,11.97,13,10,27.7,1,36.1,28.7,200,101,18,200,105,7.7,6674,24.2,84,1930,93.1,30.3,993.9,1004.4,2359,997.5,108,1001.7,13.2,0,1200,.41,2.11,,,,,,9,7.3,25.6,22.3,25.1,25.1,24.8,24.9,26.4,26,24.9,20.6,19.8,.9,1.3,7.9,.68
159,2021-08-25,24.3,23.2,2102,26.4,1234,14,19.4,1733,70.2,1648,146.2,15.6,160,1730,9.9,230,1717,3.4,2960,23.9,86,1,97.8,29.6,999.1,1008.6,2055,1004.3,35,1007,13.2,.2,1200,1.61,5.2,,,,,,10,4.8,25.8,22.6,25.4,25.6,25.1,25,26.3,25.9,24.9,20.5,19.5,1.2,1.7,143.8,1.47
159,2021-08-26,26.4,24.1,534,30.5,1302,.05,0,,0,,0,9,160,1714,5.4,180,1332,2.8,2395,23,61,1305,82.4,28.1,1003.8,1013.6,2042,1007.5,115,1011.7,13.1,9.2,1200,3.4,23.73,,,,,,4.6,1,29.6,19.3,28.4,27.2,26,25.3,26.2,26,25.2,21.3,20.8,4.5,6.5,,
159,2021-08-27,26.2,23.4,337,29.2,1414,1.03,1.5,1110,2,1020,2.1,13.7,230,1646,8.6,230,1529,4.3,3694,23,72,948,82.9,28.1,1003.8,1013.1,1,1010.2,1604,1011.6,13.1,5.2,1300,2.71,16.62,,,,,,5.9,4,28.4,19.3,27.4,26.8,26.2,25.9,26.7,25.9,25.1,21.1,20.3,3.2,4.5,8.4,
159,2021-08-28,26.7,23.5,542,30.3,1429,4.83,1.9,54,4.3,48,6.3,13,200,126,7.7,200,127,3.2,2780,23.2,60,1315,82.5,28.5,1004.3,1013.2,802,1011.2,114,1012.2,13.1,8.6,1200,3.23,23.06,,,,,,5.3,4,30.2,22.4,29,28,26.9,26.2,27,25.9,25.1,21,20,4.6,6.6,,
159,2021-08-29,26.6,25,617,30,1336,.75,.4,1531,.5,1528,.5,11.1,250,1406,6.9,230,1419,3.8,3326,24,72,1433,86,29.8,1004.2,1013.2,2321,1010.8,1440,1012.1,13,4.2,1300,3.07,14.31,,,,,,7.3,5.6,29.3,22.7,28.3,27.8,27.1,26.7,27.5,25.9,25,21,19.8,2.8,4,.5,
159,2021-08-30,26.4,24.3,511,30.6,1405,1.18,.4,2223,.5,2151,.5,8.2,180,1415,5.5,180,1418,2.2,1898,22.1,60,1751,78.1,26.7,1006.1,1015.4,2158,1012.8,144,1014,13,5.9,1000,2.92,19.28,,,,,,7.4,3,29.9,21.8,29,28.2,27.4,26.8,27.7,25.9,25,21,19.7,3.6,5.2,.5,
159,2021-08-31,26,24.3,1,29.5,1256,.58,.1,,.1,,.1,6.3,110,1322,3.8,90,1403,1.7,1511,23.1,72,1258,84.5,28.3,1005.8,1015.2,659,1012,2357,1013.7,12.9,2.6,1200,2.84,14.94,,,,,,8.4,5.3,29.5,22.1,28.7,28.1,27.3,26.9,27.9,26,24.9,20.9,19.7,2.6,3.7,.1,
159,2021-09-01,24.9,20.8,2223,28.5,1443,5.22,7.1,2106,15.1,2102,23.1,14.2,200,1133,8.5,200,1202,3.8,3248,22.3,76,1444,86.6,27.1,1000.7,1012,1,1006.3,1803,1008.6,12.9,.3,1400,1.4,7.95,,,,,,9.3,6.4,27.3,19.9,26.7,27.1,26.9,26.9,28,26.1,24.9,20.9,19.6,1.9,2.7,23.6,
159,2021-09-02,21.6,20.4,2209,24.5,1306,10.23,.5,1734,.9,1708,1.5,8.3,20,844,4,50,1612,2.7,2368,19.3,73,1547,87,22.4,1001.1,1010.4,956,1008.2,1512,1009.1,12.9,0,1200,1.26,6.89,,,,,,10,6.9,25.1,18.2,24.6,25.5,25.6,26,27.5,26.1,25,20.9,19.6,1.6,2.3,1.8,
159,2021-09-03,22.1,20,334,25.5,1111,4.08,.2,,.5,248,.8,10.7,20,1549,5.8,70,1718,3.2,2782,18.6,69,1623,81,21.5,1000.1,1010.9,2357,1006.3,440,1008,12.8,1.1,1100,2.02,11.61,,,,,,8.8,5.6,24.8,18.6,24.3,25,25.1,25.4,26.9,26.1,25,20.9,19.6,2.5,3.5,,
159,2021-09-04,23,20.8,202,26.8,1404,,,,,,,9.1,70,1710,4.3,50,2042,2.7,2353,17.9,60,1434,73.5,20.6,1005.6,1016.1,2203,1010.7,129,1013.6,12.8,1.3,1100,2.04,12.63,,,,,,8.5,2.3,25.5,18,24.9,25.1,25,25.2,26.7,26.1,25,20.9,19.6,2.9,4.1,,
159,2021-09-05,22.7,21.3,303,26.3,1049,1.88,0,,0,,0,9.8,50,946,4.7,50,934,2.8,2404,17.2,56,1135,71.6,19.6,1008.6,1018.1,2310,1014.7,322,1016.7,12.8,1,1000,2.09,9.87,,,,,,9.8,6.6,24.3,19.2,23.9,24.7,24.8,25.1,26.5,26,25,20.9,19.6,2.3,3.3,1.8,
159,2021-09-06,23.1,21.2,730,26.2,1324,5.17,.8,718,1.8,655,2.5,12,90,1232,4.8,70,1151,3.1,2694,19.2,65,1337,79.4,22.3,1007.8,1018.1,11,1013.9,2353,1015.8,12.7,1.1,1300,1.95,12.02,,,,,,9.8,5.3,25.4,19.5,24.7,24.9,24.7,24.9,26.3,25.9,25,20.9,19.7,2.5,3.5,2.6,
159,2021-09-07,24.5,21.3,234,27.8,1144,2.32,3.7,1537,5,1520,6.9,12.3,230,1557,7.6,230,1557,3.2,2724,21.9,67,1132,86,26.3,1000.9,1014,1,1006,1632,1008.8,12.7,.8,1100,2.7,9.92,,,,,,8.9,6.1,26.1,20.3,25.5,25.5,25,25,26.2,25.8,24.9,20.9,19.7,2.3,3.3,5,
159,2021-09-08,24.4,22.2,813,28.1,1304,.53,0,,0,,0,9,250,111,6.2,250,114,2.5,2127,20,60,1152,76.9,23.4,1000.9,1011.9,2317,1005.8,153,1008.7,12.7,4,1400,2.5,17.04,,,,,,6.5,2.6,27.7,18.5,26.6,26,25.5,25.2,26.3,25.7,24.9,20.9,19.7,3.1,4.4,0,
159,2021-09-09,24.2,21.4,425,27.6,1510,,,,,,,5.6,340,656,3.8,320,700,1.8,1549,19.6,60,1515,76.1,22.8,1004.9,1013.6,2331,1011.7,3,1012.8,12.6,5.3,1100,2.77,18.81,,,,,,7,1.6,27.1,17.5,26.3,26.1,25.7,25.5,26.5,25.7,24.8,20.9,19.7,3.1,4.4,.1,
159,2021-09-10,22.8,21.6,2133,24.5,1540,5.97,.2,,.2,,.3,7.1,160,1229,4.6,180,1232,1.8,1567,18.6,65,1150,77.8,21.5,1005,1014.2,1007,1012,1756,1013,12.6,.3,1500,1.31,7.11,,,,,,8.6,6.1,25,17.7,24.5,25.3,25.3,25.5,26.6,25.6,24.8,20.9,19.7,2,2.9,.2,
159,2021-09-11,24.9,21.4,445,28.4,1609,,,,,,,8.4,320,328,5.6,320,418,2.3,1949,20.1,58,1603,75.6,23.6,1003.6,1013,1,1009.7,1551,1011.5,12.6,11.3,1200,3.19,23.56,,,,,,2.1,1.4,27.6,17.9,26.5,26,25.4,25.2,26.3,25.6,24.8,20.9,19.7,4.3,6.2,,
159,2021-09-12,24.9,21.9,525,28.8,1452,,,,,,,8.8,20,1924,4.2,50,1830,2.1,1784,19.5,52,1549,72.6,22.7,1004,1015.1,2326,1009.8,442,1012,12.5,6.7,1200,2.42,17.51,,,,,,8.6,0,27.2,17.6,26.4,26.1,25.6,25.5,26.5,25.6,24.7,20.9,19.8,3.5,5,,
159,2021-09-13,23.6,22.5,434,25.7,1122,,,,,,,11.9,50,1304,4.9,50,1730,3.5,3039,19,69,1115,75.9,22,1007.8,1017.5,1011,1014.6,206,1015.8,12.5,.1,1100,1.58,9.89,,,,,,9.8,5.3,24.6,19.3,24.5,25.1,25.2,25.4,26.6,25.6,24.7,20.9,19.8,2.2,3.1,3.5,
159,2021-09-14,21.5,20.7,552,23.1,1,17.65,1.1,1413,2.7,1525,12.5,13.5,50,2241,6,70,2303,3.4,2915,20.2,72,30,93,23.8,1005.6,1015.4,1,1012.1,1502,1013.6,12.5,0,1400,.51,2.99,,,,,,10,7.5,23.3,19.1,23.1,24,24.3,24.8,26.3,25.5,24.7,20.9,19.8,1.4,2,9,
159,2021-09-15,22.9,21,614,26.4,1338,,,,,,,16.7,50,1149,6.9,70,1157,4.8,4165,16.9,55,1315,69.6,19.2,1005.9,1015.2,2118,1012.8,340,1013.9,12.4,6.1,1200,2.6,17.53,,,,,,5.8,3.5,23.7,19.5,23.1,23.8,23.9,24.3,25.8,25.5,24.7,20.9,19.8,4.1,5.8,,
159,2021-09-16,22.7,20.3,451,24.6,857,2.28,0,,0,,0,13.5,50,836,6.2,50,836,3.9,3398,18.2,68,1503,76,20.9,1003,1014.3,3,1008.8,2354,1011,12.4,1.1,800,1.24,6.69,,,,,,7.1,4,23,17.9,22.3,23,23.3,23.9,25.6,25.4,24.6,20.9,19.8,1.6,2.3,24,
159,2021-09-17,20.3,19.4,1628,22.9,1,15.53,3.9,547,10.2,1302,50.1,19.6,70,1637,8.8,70,1703,4.2,3664,18.6,74,2400,90.4,21.5,997.9,1009.3,2358,1001.2,1439,1005.9,12.3,0,1600,.34,2.33,,,,,,9.9,6.6,21.3,17.7,21.3,22.3,22.7,23.4,25.3,25.3,24.6,20.9,19.9,1.1,1.5,26.1,
159,2021-09-18,22.5,19.5,456,26.8,1139,,,,,,,8.3,90,2034,4.2,50,1006,2,1701,16.9,51,1200,71.8,19.3,1005,1015.8,2123,1009.2,11,1013.1,12.3,6.8,1100,2.89,18.13,,,,,,5.6,4.8,23.6,16.5,23.2,23.2,22.8,23,24.6,25.2,24.6,21,19.9,3.4,4.9,,
159,2021-09-19,22.7,19.4,526,27.8,1257,,,,,,,8.9,70,1055,4.5,50,1023,2.7,2296,17.3,53,1244,72.5,19.8,1006.8,1016.1,733,1013.5,1425,1014.8,12.3,10.5,1300,3.12,21.55,,,,,,3,3,24.9,16.2,23.6,23.6,23.3,23.4,24.7,25,24.5,21,19.9,4.2,6,,
159,2021-09-20,23.1,19.9,516,27.4,1304,,,,,,,8.5,90,1556,3.9,70,1745,2.6,2249,19.3,65,950,79.4,22.4,1004,1014.9,1,1010.2,1801,1012,12.2,5.2,1200,3.11,17.45,,,,,,4.4,4.4,24.6,17.2,23.8,23.9,23.6,23.6,24.9,24.9,24.4,21,20,3.2,4.5,,
159,2021-09-21,23,21.4,2328,25,848,4.22,2.2,1033,5.2,1028,7.9,15.5,200,1105,9.4,230,1414,4.5,3884,21.7,85,921,92.9,26,998.9,1010.3,1,1004.7,1737,1006.8,12.2,.4,1200,.97,4.62,,,,,,7.5,6.6,23.9,19,23.6,24,23.8,23.9,25.1,24.8,24.4,21,20,1.3,1.8,7.9,
159,2021-09-22,23.1,19.4,1317,27.3,1235,.53,3.6,1305,4,1258,4,,,,,,,,,19.5,60,1304,80.9,22.7,1000.7,1010.9,2358,1006.7,108,1008.6,12.2,,,,,,,,,,1,1,25.8,16.8,23.9,23.8,23.6,23.7,25,24.8,24.3,21,20,,,4,
159,2021-09-23,22.8,19.3,618,27.3,1453,,,,,,,11,270,1024,4.6,270,27,2.2,1880,14.5,40,1156,60.8,16.5,1007.2,1018.7,2331,1010.9,1,1015.2,12.1,10.4,1100,3.02,21.82,,,,,,2.9,.5,24.7,15.5,23.4,23.6,23.5,23.7,25,24.7,24.3,21,20,4.4,6.2,,
159,2021-09-24,22.1,19.4,549,26.7,1145,,,,,,,9.5,70,1315,4.8,50,1754,2.6,2219,16.4,54,1146,70.5,18.7,1012.7,1021.8,2334,1018.6,14,1020.8,12.1,6,1200,3.13,16.89,,,,,,4.1,1.1,23.3,14.2,22.9,23.3,23.3,23.5,24.9,24.7,24.2,21,20,3.1,4.5,.2,
159,2021-09-25,22.1,19.8,200,26.1,1406,1.85,.2,,.2,,.2,11.9,70,1218,5.1,70,858,3.3,2822,18.4,67,1356,80.5,21.2,1012.6,1022.1,959,1019.7,1417,1020.6,12.1,2.8,1200,2.45,13.52,,,,,,8,5.3,23.6,16.7,23.1,23.4,23.2,23.4,24.9,24.6,24.2,21,20.1,2.7,3.9,0,
159,2021-09-26,21.7,19.6,2242,25.1,1236,,,,,,,10.5,70,1500,5.2,50,1002,3.1,2649,16,58,1620,70.6,18.2,1010.6,1021,24,1016.8,2359,1018.7,12,2,1200,1.73,12.09,,,,,,8.1,5.4,22.8,17.2,22.4,23.1,23.1,23.4,24.8,24.6,24.1,21,20.1,2.7,3.9,.1,
159,2021-09-27,21.8,18.9,431,25.8,1217,.53,.1,,.1,,.1,9.4,70,1255,4.4,70,416,3,2564,16.7,60,1453,73.3,19,1006.6,1016.8,1,1013.3,1447,1014.7,12,5.8,1100,2.82,16.83,,,,,,7.8,4.8,25.2,17.2,24,23.6,23.2,23.3,24.6,24.5,24.1,21,20.1,3.4,4.9,0,
159,2021-09-28,22.4,20,141,26.3,1213,1.15,0,,0,,0,7.8,20,402,4.4,50,301,2.6,2261,18.2,65,1216,77.3,20.9,1004.1,1014,1,1010.7,1625,1012.1,11.9,.4,1200,2.18,9.21,,,,,,9.3,3.4,24,17.4,23.4,23.6,23.3,23.3,24.6,24.5,24,21,20.1,1.9,2.7,0,
159,2021-09-29,24.2,21.5,209,27.8,1325,5.18,4.6,2103,12.7,2041,18.1,12.1,230,1440,7.7,230,1447,3.1,2644,22,73,1327,88.6,26.6,1000.1,1010.8,4,1006.2,1426,1008,11.9,2.1,1100,2.45,12.34,,,,,,9,6.9,27.4,19.9,25.7,24.8,24,23.7,24.7,24.4,24,21,20.1,2.2,3.1,54.8,.18
159,2021-09-30,22.1,19.9,2318,25.4,1445,7.13,9.4,256,16.8,120,36.7,10.4,200,50,7.2,230,57,2.9,2476,19.5,68,1517,86.1,22.7,998.9,1007.9,2222,1005.3,408,1006.8,11.9,2.3,1400,1.61,9.14,,,,,,6.4,4.3,23.8,16.6,23.8,24,23.7,23.8,24.9,24.4,24,21,20.1,2.1,3,0,.47
159,2021-10-01,22.2,18.6,616,26.8,1338,,,,,,,8.2,320,728,5.3,320,717,2.1,1807,17.5,59,1019,75.8,20.1,999.6,1009.9,2332,1006.1,1408,1007.6,11.8,10.4,1200,2.91,20.17,,,,,,0,0,24,13.3,23.2,23.4,23.2,23.3,24.7,24.4,23.9,21,20.2,3.6,5.1,,
159,2021-10-02,23.3,19.6,500,28.3,1428,,,,,,,8.9,200,1611,5.9,180,1542,2,1707,18.7,48,1226,76.4,21.6,1004.8,1017,2323,1009.2,231,1012.8,11.8,10.3,1200,2.86,19.24,,,,,,0,0,25.3,14.3,24.1,23.9,23.5,23.4,24.6,24.4,23.9,21,20.2,3.6,5.1,,
159,2021-10-03,23.5,19.2,544,28.2,1238,,,,,,,5.4,180,1252,3.9,180,1257,1.3,1138,18.2,55,1201,73.3,21,1011.7,1021.6,2250,1016.8,4,1019.7,11.8,10.4,1200,2.87,19.57,,,,,,.5,0,25.3,12.4,24.1,24,23.6,23.6,24.6,24.3,23.9,21,20.2,3.6,5.1,,
159,2021-10-04,24.5,21.6,4,27.8,1212,,,,,,,15.5,230,1315,9.6,230,1317,5.7,4958,20.8,67,1213,80.4,24.6,1012.9,1022.4,909,1019.6,226,1020.9,11.7,8.9,1100,2.93,19.26,,,,,,4.6,2.9,26.7,14.4,25.3,24.6,24,23.7,24.7,24.3,23.8,21,20.2,4,5.7,,
159,2021-10-05,24.4,21.7,629,28,1208,,,,,,,10,230,1014,6.5,180,1334,3.5,3013,20.4,65,1125,78.9,23.9,1012,1021.9,34,1018.2,1500,1020,11.7,10.3,1200,2.92,19.91,,,,,,1.9,1.8,27.8,17.6,26,25.2,24.4,24,24.8,24.3,23.8,21,20.3,3.8,5.4,,
159,2021-10-06,23.4,21,600,27.1,1438,,,,,,,6.5,110,1229,4.8,110,1222,2.3,2013,19.4,65,1440,79.3,22.6,1010.3,1020.6,739,1016,1719,1018.3,11.7,8.1,1200,2.79,17.76,,,,,,5,4,27.4,17.2,25.9,25.2,24.5,24.2,24.9,24.3,23.8,21,20.3,3.3,4.7,,
159,2021-10-07,23.4,20.1,632,27,1134,,,,,,,9,200,1323,5.8,180,1311,2.3,2023,18.8,56,1237,76.4,21.7,1007.7,1017.3,1,1014.3,1532,1015.7,11.6,10,1200,2.91,18.94,,,,,,2.3,.4,27.2,14.1,25.5,25,24.3,24.1,24.9,24.3,23.8,21,20.3,3.7,5.3,,
159,2021-10-08,23.3,21.3,603,27.6,1111,.47,.2,,.2,,.2,7.5,20,1654,4.1,50,1713,2.1,1851,19.1,63,1336,77.9,22.1,1010.9,1021,2252,1016.7,1,1018.9,11.6,3.5,900,1.98,11.44,,,,,,6.6,4.6,26.8,17.5,25.1,24.7,24.2,24.1,24.9,24.3,23.8,21,20.3,2.2,3.1,.2,
159,2021-10-09,23.7,21.3,612,27.8,1536,.25,.4,1034,.4,,.4,7.2,70,1239,3.6,50,757,2.3,2019,20.7,72,1439,83.5,24.4,1012.6,1022.1,1041,1019.3,1506,1020.6,11.5,5.1,1300,2.15,12.19,,,,,,4.5,4.5,26.3,18.1,25,24.4,24,23.9,24.9,24.3,23.8,21,20.3,2.5,3.6,.4,
159,2021-10-10,24.9,21.1,600,28.4,1203,,,,,,,10.8,230,1833,6.2,230,1834,3,2558,21.4,65,1207,82.1,25.6,1009.3,1020,1,1015.5,1632,1017.3,11.5,7.9,1100,2.7,15.99,,,,,,4.4,3.1,27.1,15.5,25.9,25,24.3,24,24.8,24.3,23.7,21,20.3,3.2,4.5,,
159,2021-10-11,21.1,17.7,2010,24.8,810,7.42,.4,1953,1.2,1949,1.6,10.5,50,1328,5.3,50,1557,3.5,2983,18.4,73,1023,85.1,21.3,1009.5,1020.2,2227,1014.5,450,1017.6,11.5,.1,1000,1.16,5.78,,,,,,8.9,6.3,24.3,16.5,23.8,24.2,24.1,24.1,25,24.3,23.7,21,20.3,1.4,2,1.7,
159,2021-10-12,18.6,17.5,2257,20.2,1203,2,.1,,.1,,.1,13,50,517,5.6,70,517,4.1,3528,15.1,70,1648,80.6,17.2,1014.4,1024.4,2210,1019.5,38,1022.6,11.4,0,1200,1.41,6.32,,,,,,9.3,8,20.6,16.3,20.7,22.2,22.6,23.2,24.6,24.3,23.7,21,20.3,1.8,2.5,0,
159,2021-10-13,19.9,17.3,407,23.5,1210,.33,0,,0,,0,11,160,1602,5.3,50,1241,3.4,2946,15.2,66,1355,75,17.3,1014.3,1024.1,235,1021,1545,1022.4,11.4,1.7,1200,2.45,11.62,,,,,,7.9,6.4,22.7,15,21.8,22.1,22.1,22.6,24.1,24.2,23.7,21,20.4,2.4,3.4,,
159,2021-10-14,21.4,18,531,25.2,1223,,,,,,,6.8,180,1612,4.8,180,1427,2.4,2094,16.2,59,1225,73,18.5,1009.8,1021.2,119,1015.2,2356,1017.8,11.4,7.9,1200,2.12,14.65,,,,,,.8,.8,23.3,13.3,22.5,22.5,22.4,22.6,23.9,24.1,23.7,21,20.4,2.7,3.9,,
159,2021-10-15,21.9,18.3,551,26.6,1202,.42,0,,0,,0,7.8,110,1211,4.4,110,1214,2,1711,16.5,47,1039,72.8,18.8,1007.3,1016.5,959,1014,1423,1015.3,11.3,6.8,1100,2.57,15.39,,,,,,4.6,3.3,24,12.5,23.2,23,22.6,22.6,23.7,24,23.7,21,20.4,2.7,3.9,5.1,
159,2021-10-16,14.7,10.2,2355,19.3,1,14.05,.6,235,2,221,8.5,16.1,340,2353,8.2,320,2354,2.4,2073,8.7,24,2113,71.6,12.6,1008.8,1020.1,2247,1014.2,340,1017.1,11.3,0,1300,.48,3.27,,,,,,9.8,5.8,17.8,8.3,18.5,20.8,21.6,22.4,23.7,24,23.6,20.9,20.4,1.9,2.7,3.4,
159,2021-10-17,10.2,5.5,548,16.7,1424,,,,,,,14.9,320,213,7.7,290,546,3.4,2914,-1.2,34,1606,45.9,5.7,1014.3,1024.4,2254,1019.5,6,1022.8,11.3,10.3,1200,2.86,19.4,,,,,,1,0,14.2,4.1,14.2,16.8,18.3,20.2,22.4,23.9,23.6,20.9,20.4,3.5,5,,
159,2021-10-18,13.6,7.1,447,19.6,1358,,,,,,,6.1,270,345,4.1,180,1438,1.8,1547,3.2,39,1138,50,7.8,1013.1,1023.8,20,1019.7,2348,1021.5,11.2,10.2,1200,2.76,18.62,,,,,,2.4,2.4,16,2.5,15.4,16.8,17.7,19.1,21.4,23.7,23.5,20.9,20.4,3.9,5.6,,
159,2021-10-19,14.4,11.3,705,20.1,1524,,,,,,,9.8,340,1713,5.4,270,1349,2.9,2513,2.8,33,1506,46.4,7.5,1008.6,1019.6,1,1013.9,1416,1016.8,11.2,7.7,1200,2.7,17.09,,,,,,4.4,4.1,17.1,7.7,16.7,17.6,18.1,19,20.9,23.4,23.4,20.9,20.4,3.6,5.2,,
159,2021-10-20,13.7,9,548,19.5,1300,.42,0,,0,,0,9.3,160,109,4.8,320,146,2.5,2136,6.2,42,1241,61.4,9.5,1010.4,1020.4,920,1017.1,1505,1018.8,11.2,7.9,1200,2.79,16.45,,,,,,5.5,1.8,17.2,5.6,16.8,17.4,17.8,18.7,20.5,23.1,23.3,20.9,20.4,2.9,4.1,2.2,
159,2021-10-21,12.6,11.4,2333,14.7,1350,9.82,.6,1000,2.4,916,7.4,7,20,527,4,50,439,2.4,2062,10,69,1,84.9,12.4,1008.9,1019.1,904,1016,1446,1017.3,11.1,0,1300,.86,3.88,,,,,,7,4.1,14.4,7.7,14.9,16.8,17.6,18.6,20.3,22.8,23.2,20.9,20.4,1,1.5,5.2,
159,2021-10-22,13.2,9.8,531,18.4,1436,,,,,,,11.1,340,642,6.3,290,1030,3.6,3118,5.6,39,1443,61.4,9.1,1010.4,1023.1,2328,1016.2,219,1018.8,11.1,10.2,1200,2.67,17.66,,,,,,1.3,1,15.1,7.5,14.8,16,16.7,17.9,19.8,22.6,23,20.9,20.4,3.3,4.8,,
159,2021-10-23,15.1,10.4,524,21,1315,,,,,,,9.7,20,833,4.9,90,848,2.3,1994,7,37,1332,59.4,10,1017.6,1027,2320,1023,100,1025.9,11,7.5,1100,2.38,15.23,,,,,,.9,.9,15.5,6.3,15,16.1,16.6,17.7,19.4,22.3,22.9,20.9,20.4,2.7,3.9,,
159,2021-10-24,15.8,11.4,347,20.7,1347,,,,,,,5.5,320,756,3.3,110,1332,.9,740,7.7,43,1154,59.5,10.5,1015.9,1026.9,1,1022.4,1449,1024.3,11,7.1,1100,2.19,12.5,,,,,,6.3,.1,15.9,5.3,15.4,16.4,16.8,17.6,19.2,22,22.7,20.9,20.4,2.2,3.2,,
159,2021-10-25,16.7,12.3,603,22.8,1334,,,,,,,5.9,320,2148,3.9,110,1442,1.4,1217,8.1,33,1315,58.1,10.9,1011.8,1022.6,42,1018.7,1739,1020,11,9.3,1200,2.63,16.6,,,,,,1.6,.3,17.3,6.8,16.9,17.2,17.2,17.7,19.1,21.8,22.6,20.9,20.4,3.3,4.7,,
159,2021-10-26,15.9,12.2,406,21.4,1504,,,,,,,9.7,270,1021,5.5,290,1026,1.9,1669,3.4,17,1412,45.6,7.9,1009.8,1020.2,936,1016.5,1704,1018,11,10,1100,2.48,17.32,,,,,,2.9,0,16.5,5.9,16.3,16.8,17,17.7,19.1,21.6,22.4,20.9,20.5,4,5.7,,
159,2021-10-27,17.1,13,553,22.3,1451,,,,,,,10.1,320,422,6.2,320,424,2.8,2452,6.1,37,1504,49,9.5,1008.7,1017.7,752,1015.3,1445,1016.9,10.9,9.5,1200,2.43,15.74,,,,,,2.8,0,17.7,9.2,17.3,17.2,17.1,17.6,18.9,21.4,22.3,20.9,20.5,4,5.7,,
159,2021-10-28,16.9,11.7,343,23.3,1216,,,,,,,11.3,320,443,7.6,320,219,3.3,2867,5.6,31,847,48.4,9.3,1012.3,1023.2,2223,1017.6,1,1020.5,10.9,9.6,1200,2.54,16.55,,,,,,.8,.8,17.5,6.4,17.4,17.4,17.2,17.6,18.8,21.3,22.1,20.8,20.5,3.9,5.6,,
159,2021-10-29,15.9,13.8,618,20.2,1238,,,,,,,9.8,20,1153,4.9,50,1310,3.3,2865,7,46,1239,55.8,10,1015,1024.9,932,1022.1,1619,1023.3,10.9,2.7,1200,1.76,9.74,,,,,,6,6,16.7,10.5,16.5,17.1,17.2,17.7,18.8,21.1,22,20.8,20.5,2.7,3.9,,
159,2021-10-30,16.6,13.8,510,20.6,1457,,,,,,,7.8,20,343,4,50,248,2.5,2154,8.5,49,1450,59.1,11.1,1014,1023.2,908,1021.2,1323,1022.2,10.8,2.4,1100,1.52,9.01,,,,,,6.4,1.5,17.5,8.9,16.9,17.1,17.1,17.5,18.6,21,21.9,20.8,20.5,1.9,2.8,,
159,2021-10-31,17,12.8,653,23,1355,,,,,,,6.2,340,258,3.5,320,312,1.4,1247,8,39,1207,56.4,10.7,1013.9,1023.4,822,1020.5,1451,1022.1,10.8,10.1,1100,2.44,15.92,,,,,,1.3,0,17.8,7,17.6,17.5,17.3,17.6,18.6,20.8,21.7,20.8,20.5,3.2,4.6,,
159,2021-11-01,17,13.8,634,22.3,1356,,,,,,,8.8,340,1359,4.8,320,256,2.1,1840,6.7,31,1454,51.8,9.8,1012.7,1022.8,903,1019.1,1520,1021,10.8,8,1200,2.25,13.31,,,,,,3.8,.4,17.5,8,17.3,17.3,17.2,17.5,18.5,20.7,21.6,20.7,20.5,3.1,4.5,,
159,2021-11-02,14.9,10.8,647,20.6,1346,,,,,,,12.7,320,201,6.7,320,202,2.9,2539,6,39,1257,56.5,9.4,1010.5,1020.7,817,1016.8,1343,1018.8,10.7,9,1200,2.47,15.16,,,,,,2.6,.1,16.9,8.3,16.8,17,16.9,17.4,18.4,20.6,21.5,20.7,20.5,3.4,4.8,,
159,2021-11-03,15,10.8,630,20.6,1342,,,,,,,11,320,532,7.2,320,745,2.8,2379,7.1,43,1342,59.9,10.2,1008.3,1018.2,115,1014.7,1421,1016.6,10.7,7.6,1200,2.44,14.27,,,,,,1.8,.6,15.7,7.9,16.1,16.6,16.6,17.2,18.2,20.5,21.4,20.7,20.5,3,4.3,,
159,2021-11-04,15.1,11.5,652,21.5,1355,,,,,,,9,340,236,5.5,320,11,2.4,2072,6.2,41,1356,55.5,9.5,1009.7,1020.2,2319,1016.5,1322,1018,10.7,8.5,1200,2.35,13.81,,,,,,1.4,.3,16,7.2,15.8,16.5,16.5,17,18.1,20.3,21.6,20.8,20.5,2.6,3.7,,
159,2021-11-05,16.5,11.8,617,21.8,1205,,,,,,,6.1,360,2322,3.3,110,1428,1.7,1445,6.7,35,1220,53.8,9.8,1011.1,1020.9,857,1017.8,1520,1019.3,10.6,7.2,1100,2.28,12.32,,,,,,4.1,.9,16.5,6.4,16.1,16.4,16.4,16.9,18,20.1,21.5,20.8,20.5,2.7,3.9,,
159,2021-11-06,16.7,14,509,21.5,1350,.35,,,,,.1,10.7,50,1638,5.5,50,1505,3.1,2657,8.5,41,1353,59.4,11.1,1010.4,1019.7,2203,1017.2,1319,1018.6,10.6,7.8,1300,2.31,13.37,,,,,,3.1,1.5,16.8,9.9,17.1,16.9,16.6,16.9,18,20,21.4,20.7,20.5,3.2,4.6,.1,
159,2021-11-07,18.2,14.9,614,22.1,1240,.13,,,,,0,12,90,1248,5.6,50,1546,3.4,2918,11.1,42,1434,64.1,13.2,1010.3,1021.3,925,1015.4,2333,1018.5,10.6,7.1,1200,2.52,14.5,,,,,,4,3,18.5,11.8,18.4,17.6,17.1,17.1,18,19.9,21.3,20.7,20.5,3.2,4.6,,
159,2021-11-08,14.1,8.2,2358,20.8,840,4.85,,,,,28.9,22.8,230,1109,11.4,230,1116,4.9,4232,9,54,2056,72.5,12.3,1002.6,1015.5,1,1007.3,1305,1010.9,10.5,.2,800,.6,2.16,,,,,,6.1,3.6,15,5.4,14.8,16.4,16.8,17.3,18.3,19.8,21.2,20.7,20.5,1.5,2.1,28.9,
159,2021-11-09,10.1,7.3,658,14.1,1254,,,,,,,17.4,230,1531,10.7,250,1545,4.7,4073,1.8,44,1250,57,7,1001.9,1013.2,238,1007.8,1657,1010.2,10.5,8.3,1100,2.3,13.47,,,,,,2.1,2.1,11,4.7,10.9,13.1,14.1,15.6,17.5,19.8,21.1,20.6,20.5,2.8,4,,
159,2021-11-10,10.2,7.7,659,14.2,1253,.08,,,,,0,14.8,230,1226,9.4,230,1232,5,4313,2.1,44,1251,58,7.1,998.5,1008.6,2348,1004.4,1502,1006.8,10.5,7.2,1100,2.77,13.84,,,,,,.6,.6,10.8,4.9,10.9,12.6,13.4,14.8,16.7,19.6,21,20.6,20.5,2.8,4.1,0,
159,2021-11-11,10.3,8,2329,14.4,1314,.45,,,,,0,12.4,290,737,7.8,250,1534,4.6,3936,2,40,1118,57.4,7.1,1001.6,1012.1,2400,1008.3,1522,1010,10.5,6.5,1100,2.12,12.16,,,,,,3.9,3.9,11.3,5.2,11.4,12.8,13.3,14.5,16.3,19.4,20.9,20.5,20.5,2.8,4.1,,
159,2021-11-12,8.8,6.4,639,12,1200,,,,,,,14.6,270,437,7.4,270,416,3.9,3350,-.7,37,1111,51.5,5.8,1007.7,1018.7,2356,1012.1,1,1016.2,10.4,5.5,1100,2.38,10.35,,,,,,2.3,1.6,9.2,3.4,9.7,11.7,12.9,14.2,15.9,19.2,20.8,20.5,20.5,2.2,3.1,,
159,2021-11-13,10.1,4.3,612,15.3,1418,,,,,,,8.8,230,1057,5.1,230,1120,2.8,2390,2.5,48,1318,59.9,7.4,1010.3,1020.2,739,1016.8,1444,1018.8,10.4,9.9,1100,2.28,14.59,,,,,,.1,.1,9.7,.2,11,11.6,12.6,13.9,15.4,19,20.7,22,20.5,2.6,3.7,,
159,2021-11-14,12.9,8.6,621,17.6,1325,,,,,,,9.3,250,1225,5.7,250,1225,2.6,2213,5.3,49,852,60.9,9,1010.3,1019.9,824,1017,1503,1018.7,10.4,9.5,1200,2.19,13.66,,,,,,.9,.5,11.4,4,12.5,12.7,13.2,14,15.2,18.7,20.6,22,20.5,2.6,3.7,,
159,2021-11-15,13.3,10.2,652,19.4,1400,,,,,,,6.3,110,1428,4.3,160,1441,1.5,1301,3.8,34,1628,53.6,8.1,1012.3,1021.8,852,1019.3,105,1020.7,10.3,9.5,1200,2.24,13.6,,,,,,1.1,0,11.6,3.7,12.8,13.2,13.7,14.3,15.2,18.5,20.4,21.9,20.5,2.5,3.6,,
159,2021-11-16,13.1,10.1,52,17.3,1219,,,,,,,8.6,270,1139,4.4,290,1312,1.5,1331,1.7,31,1247,47.3,7,1014.1,1023.8,2134,1020.7,1444,1022.5,10.3,8.4,1200,2.13,12.19,,,,,,3.6,0,11.5,3.4,12.5,13,13.6,14.3,15.2,18.3,20.3,21.9,20.5,2.6,3.7,,
159,2021-11-17,12.5,8.2,632,17.8,1259,,,,,,,7.9,340,1144,5,230,1441,2.2,1938,-.6,25,1243,40.9,5.9,1013.8,1024.6,818,1020,1507,1022.2,10.3,9.2,1200,2.17,13.48,,,,,,2.3,0,10.6,3,12,12.5,13.2,14.1,15.1,18.1,20.1,21.8,20.5,3.3,4.7,,
159,2021-11-18,13.2,9.1,557,18.2,1145,,,,,,,8,230,1334,5.6,230,1339,2.9,2478,2,30,1031,48,7.3,1010.4,1020.5,46,1017.2,1544,1018.7,10.3,9.3,1200,2.13,13.18,,,,,,1.8,0,11.4,5.6,12.8,12.9,13.4,14,14.9,18,20,21.8,20.5,2.9,4.1,,
159,2021-11-19,14.5,9.5,654,20.7,1355,,,,,,,7,290,1507,3.7,320,115,1.6,1407,4,28,1456,52,8.2,1009.2,1018.7,926,1015.8,1451,1017.5,10.2,9.5,1200,2.2,13.53,,,,,,.3,0,11.9,3.2,13.2,13.2,13.6,14.1,14.8,17.8,19.8,21.7,20.5,2.7,3.9,,
159,2021-11-20,14.8,10.6,620,20.9,1258,,,,,,,4.2,140,1349,3,140,1353,1.2,1002,8.9,51,1039,68.4,11.5,1011.2,1021.1,2217,1018.1,27,1019.5,10.2,7.5,1200,1.8,10.85,,,,,,.5,.1,12.5,6.6,13.5,13.5,13.8,14.2,14.9,17.7,19.7,21.7,20.5,1.9,2.7,,
159,2021-11-21,15.2,11.7,451,20.1,1303,,,,,,,6.4,250,2217,4.3,250,2359,1.3,1082,10.5,57,1357,74.1,12.7,1007.9,1020.5,46,1011.3,2358,1016.2,10.2,1.8,1200,1.44,7.17,,,,,,8,3.4,13.2,5.6,13.8,13.9,14.1,14.5,15,17.6,19.6,21.7,20.5,1.6,2.3,,
159,2021-11-22,9.9,4.3,2343,15.6,1,.5,,,,,0,15.4,290,1342,8,270,1241,4,3437,-.1,32,1921,51.4,6.6,1003.9,1017.5,2338,1008,606,1012.3,10.2,1.8,1100,1.5,7.83,,,,,,6.6,4.6,11,2,12.3,13.6,14.2,14.7,15.3,17.5,19.5,21.6,20.5,2.4,3.4,,
159,2021-11-23,6.2,3.6,112,10.3,1340,,,,,,,15.8,270,1651,9.2,270,1700,4.9,4220,-3.5,40,1325,50,4.7,1007.9,1017.9,921,1014.1,1443,1016.4,10.1,8.1,1200,2.41,13.21,,,,,,1.5,1.5,7.8,.7,9.3,10.7,12.1,13.5,14.6,17.5,19.4,21.6,20.4,2.7,3.9,,
159,2021-11-24,9.3,5.5,9,13.5,1413,,,,,,,12.4,230,1152,8.9,250,1500,4.2,3668,.3,40,1352,54.1,6.3,1009.1,1020,834,1015.4,1416,1017.5,10.1,7.7,1200,2.11,12.36,,,,,,1.8,1.8,9.2,3.2,10.3,11,11.9,12.9,14,17.4,19.3,21.5,20.4,2.7,3.9,,
159,2021-11-25,11.7,8.4,654,16.7,1439,,,,,,,14,230,1131,9.6,250,1214,4,3487,1.7,32,1829,51.9,7.1,1008.9,1020.2,2320,1015.1,1335,1017.3,10.1,8.4,1200,2.18,11.4,,,,,,.6,.6,10,4.6,11.2,11.6,12.2,12.9,13.9,17.2,19.2,21.5,20.4,2.8,3.9,,
159,2021-11-26,8.9,5.3,643,13.6,1520,,,,,,,9.3,270,1423,4.6,270,1251,2.6,2205,-4.9,22,1320,38.5,4.3,1016,1028.2,2308,1020.2,1,1024.5,10.1,9.5,1200,2.24,13.54,,,,,,0,0,8.6,3,10.5,11.1,11.9,12.8,13.7,17,19.1,21.4,20.4,3.1,4.4,,
159,2021-11-27,8.4,4.9,730,13.8,1306,,,,,,,7.9,320,658,5,290,707,2.3,1975,-3.2,26,1204,44.8,4.9,1024.1,1035.5,2138,1028,1,1032.7,10.1,9.5,1200,2.2,13.35,,,,,,0,0,7.8,.5,9.8,10.4,11.3,12.4,13.4,16.9,19,21.4,20.4,2.4,3.4,,
159,2021-11-28,10.3,5.3,547,16.4,1318,,,,,,,5.7,180,1454,3.8,160,1521,1.5,1259,.9,27,1118,53.1,6.6,1024.4,1035.4,1,1030.8,1544,1033,10,9.4,1200,2.17,13.41,,,,,,2.9,0,8.9,-2,10.2,10.5,11.2,12.1,13,16.7,18.9,21.3,20.4,2.7,3.8,,
159,2021-11-29,11.6,7.3,513,16,1408,,,,,,,8.2,250,1317,5.2,230,1321,2.8,2390,1.8,31,1405,51.5,7,1017.8,1030.8,1,1023.1,2302,1026.3,10,9.1,1200,2.19,13.16,,,,,,3.1,1.9,9.5,1.4,11,11,11.5,12.2,13,16.5,18.7,21.3,20.4,2.6,3.8,4,
159,2021-11-30,10.9,6,2355,13.9,902,7.13,,,,,28.9,19.8,270,2029,11.8,270,2023,4.5,3920,6.3,47,2155,74.6,10.1,1003.3,1023.1,1,1005.3,1416,1011.6,10,0,1300,.12,.5,,,,,,7.3,3.8,9.7,4.4,10.5,11.3,11.9,12.5,13.1,16.3,18.6,21.2,20.4,1.6,2.3,24.9,
159,2021-12-01,3.9,.2,2256,7.3,1319,,,,,,,20.3,270,230,11.2,270,121,4.7,4051,-8.4,33,1442,40.6,3.3,1009.7,1023.2,2235,1011.6,36,1018.3,10,9.3,1200,2.22,13.33,,,,,,.6,.6,4.3,-2.8,6.4,8.3,10.1,11.6,12.8,16.2,18.5,21.2,20.4,2.3,3.4,,
159,2021-12-02,3.8,-1,454,9.1,1612,,,,,,,11.9,270,1132,7.1,270,1149,3,2561,-6.4,35,4,47.6,3.9,1010.8,1023,1,1017.4,1628,1019.5,10,9.4,1200,2.18,13.11,,,,,,0,0,2.5,-3.3,5.5,7,8.7,10.4,11.9,16,18.3,21.1,20.3,2.2,3.2,,
159,2021-12-03,7.4,3.3,2343,12.6,1359,,,,,,,13.2,290,2301,7.2,270,1037,3.8,3259,-1.9,39,1403,52.6,5.5,1008.4,1020.8,2352,1014.4,1406,1017,10,7,1300,1.91,10.25,,,,,,2,2,5.9,1.7,7.7,8.4,9.3,10.3,11.5,15.8,18.2,21.1,20.3,2.3,3.3,,
159,2021-12-04,5.6,1.6,604,10.7,1436,,,,,,,15.3,340,341,6.8,290,349,2.6,2241,-6,31,1216,43.4,4,1016.4,1027.5,2358,1020.5,1,1025,9.9,8.6,1200,2.1,12.13,,,,,,0,0,4.2,-1.9,6.9,7.9,9.1,10.3,11.3,15.5,18.1,21,20.3,1.8,2.6,,
159,2021-12-05,8.3,2.6,634,14.4,1302,,,,,,,7.4,340,151,4.5,340,153,.7,610,.4,44,1302,57.9,6.4,1019.3,1029.7,951,1026.8,2356,1027.8,9.9,5.2,1200,2.01,9.5,,,,,,2.5,2.1,6.6,-3.7,7.6,8.4,9.2,10.1,11,15.3,17.9,21,20.3,1.3,1.9,,
159,2021-12-06,10.8,6.6,623,16.9,1418,.53,,,,,.1,6.2,320,2305,3.3,320,2309,.9,781,6,58,1521,73,9.5,1016.7,1026.9,18,1023.9,1435,1025.2,9.9,5.3,1400,1.68,9.42,,,,,,3.8,3.4,8.4,.7,9.9,9.8,10,10.5,11.1,15.1,17.8,20.9,20.3,1.6,2.3,.1,
159,2021-12-07,11.4,7.7,726,17.3,1343,,,,,,,9.8,200,2214,5.2,70,1202,2.6,2229,4,40,1514,61.8,8.1,1017.3,1028.6,2321,1023.8,1341,1025.8,9.9,7.4,1200,2.03,10.93,,,,,,1.4,1.3,9.3,3.3,10.4,10.5,10.8,11.1,11.4,14.9,17.6,20.9,20.3,2.5,3.5,,
159,2021-12-08,10.2,7.4,732,15,1400,,,,,,,10.6,160,12,5.2,70,951,2.9,2507,2.2,44,1502,58.4,7.2,1022.1,1032,1003,1028.4,5,1030.7,9.9,5.6,1200,1.8,9.93,,,,,,1.9,1.9,7.8,2.2,9.9,10.2,10.7,11.2,11.6,14.8,17.5,20.8,20.3,2.1,3,,
159,2021-12-09,11.9,8.7,9,16.9,1418,,,,,,,7.7,70,1251,3.7,50,45,2.7,2358,5,48,1418,63.3,8.7,1019.8,1031.2,1,1025.6,2348,1028.3,9.9,5.2,1000,1.74,9.7,,,,,,6,4.4,9.9,5.6,10.7,10.7,10.9,11.3,11.6,14.8,17.3,20.8,20.2,1.8,2.5,,
159,2021-12-10,12.6,8.6,721,17.8,1236,,,,,,,9.1,320,2309,5.4,320,2310,1.9,1665,7,56,1240,69.5,10,1015.5,1025.6,1,1022.1,1459,1023.9,9.9,6.3,1200,2.02,10.03,,,,,,1.6,1.6,10.2,3,11.2,11.4,11.5,11.7,11.9,14.7,17.2,20.7,20.2,2.1,3,,
159,2021-12-11,11.8,8.8,500,16.4,1238,,,,,,,10,340,49,6.3,320,325,2.7,2371,3.5,45,1200,57.3,7.8,1015.1,1026.2,944,1021.6,2348,1023.6,9.8,8.4,1200,1.9,11.31,,,,,,4.1,1.1,10.2,5.6,11.4,11.4,11.6,11.9,12.1,14.7,17.1,20.7,20.2,2.3,3.2,,
159,2021-12-12,8.6,2.6,2400,12.5,1435,,,,,,,14.5,290,2349,6.9,290,2352,2.6,2266,-1.6,36,2310,49.3,5.6,1012.6,1024.1,2319,1019.1,1550,1021.1,9.9,4.9,1400,1.26,7.2,,,,,,3.9,3.1,8.6,.9,10.1,10.8,11.4,11.9,12.2,14.6,17,20.6,20.2,2,2.9,,
159,2021-12-13,2.3,-1.5,723,7.7,1522,,,,,,,14.4,320,837,8.5,320,847,3.6,3125,-14.8,16,1905,27.9,2,1015.6,1026.3,925,1022.5,29,1024.4,9.8,9.2,1200,2.19,13.2,,,,,,0,0,2.7,-2.6,6.4,8.1,9.5,10.8,11.7,14.6,17,20.5,20.2,2.9,4.2,,
159,2021-12-14,4.4,-.5,457,9.6,1450,,,,,,,9.5,250,1125,5.7,230,1520,2.9,2496,-5.9,23,7,47.9,4.1,1013.1,1023.9,1,1019.1,1457,1021.8,9.8,9.1,1200,2.03,12.42,,,,,,.8,0,3.7,-2.5,6.2,7.3,8.5,9.8,10.8,14.6,16.9,20.5,20.2,2.3,3.3,,
159,2021-12-15,9.4,5,716,14,1324,,,,,,,11.5,270,1336,6.9,250,1520,3.4,2907,3.3,54,1216,66.1,7.8,1012.7,1023,835,1019.6,1553,1021.2,9.8,7.1,1200,1.91,10.43,,,,,,1.6,.9,7.1,.4,8.4,8.6,9.1,9.8,10.5,14.4,16.8,20.4,20.1,1.8,2.6,1.1,
159,2021-12-16,8.8,7.1,2355,10.5,512,6.12,,,,,4.4,8.5,270,2301,4.7,320,2227,2,1745,5.5,57,507,80.9,9.1,1008.7,1020.7,1020,1013.8,2151,1017.2,9.8,.1,1300,.62,2.82,,,,,,9.4,5.9,8,2.4,8.9,9.3,9.7,10.3,10.7,14.2,16.7,20.4,20.1,.8,1.1,3.3,
159,2021-12-17,2.7,-4.2,2353,7.6,526,,,,,,,18.2,250,1237,9.1,290,1953,4.2,3643,-9.3,23,1213,42.6,3.4,1009.8,1025.8,2340,1012.9,426,1018.5,9.8,8,1200,2.13,11.87,,,,,,2.8,1.8,3,-5.3,6.3,7.9,9.1,10.1,10.8,14.1,16.6,20.3,20.1,2.3,3.4,,
159,2021-12-18,-1.4,-6.5,608,3.1,1622,,,,,,,12.9,320,454,6,320,419,3.1,2712,-15.6,18,1311,34.5,1.9,1015.9,1027,1002,1022.2,2359,1024.8,9.8,9.2,1200,2.11,12.81,,,,,,.6,.3,-1.2,-7.6,2.6,4.6,6.6,8.5,10,14,16.5,20.2,20.1,2.1,2.9,,
159,2021-12-19,4,1.1,47,8.3,1359,,,,,,,10.4,270,358,6.5,250,404,3.1,2709,-6.1,31,1451,49.5,3.9,1012.9,1023.4,2337,1019.2,616,1021.6,9.8,8.6,1200,2.08,12.17,,,,,,.1,.1,1.7,-4.7,4.9,5.7,6.7,8,9.2,13.8,16.4,20.2,20.1,2.1,3,,
159,2021-12-20,7.9,1.8,42,11.9,1347,,,,,,,18.9,270,1419,10.6,250,1423,5.1,4380,-.1,45,1,57.5,6.1,1010.5,1023.3,1,1016.2,1547,1019,9.8,8.6,1200,1.91,11.17,,,,,,.6,.1,4.8,-4.3,6.2,6.6,7.2,8.2,9,13.6,16.3,20.1,20,2.5,3.5,,
159,2021-12-21,10.2,7.4,255,14.3,1532,,,,,,,10.4,230,1247,6.9,230,1253,3.1,2663,2.5,49,1453,59.1,7.3,1007.7,1017.9,2313,1013.8,1357,1016.1,9.8,8.8,1200,1.95,11.15,,,,,,0,0,6.8,2.6,8.1,8.1,8.4,8.8,9.2,13.3,16.2,20.1,20,2.3,3.3,,
159,2021-12-22,9.4,5.6,737,14.7,1308,,,,,,,8.5,340,503,4.2,320,433,1.7,1441,-2.7,22,1130,44.4,5.1,1012.1,1022.9,2048,1017.5,27,1020.6,9.8,9.1,1200,2,11.88,,,,,,0,0,5.7,-1.9,8.1,8.4,8.7,9.2,9.5,13.2,16,20,20,2.5,3.6,,
159,2021-12-23,8.7,5.2,706,13.3,1409,,,,,,,8,320,215,5.9,340,214,1.9,1629,-8.2,18,1107,30.3,3.3,1014,1024,937,1021.6,1458,1022.5,9.8,8.8,1200,1.96,11.28,,,,,,.6,0,5.1,-.7,7.3,7.8,8.4,9.1,9.5,13.1,15.9,20,20,2.4,3.5,,
159,2021-12-24,7.7,4.8,512,13,1053,,,,,,,9.4,200,2353,5.2,320,2357,1.9,1650,-3.1,30,1256,47.1,4.9,1010.4,1022.2,1,1016.5,1415,1018.9,9.8,3.4,1000,1.45,6.33,,,,,,4.3,4.3,4.8,-2.6,6.3,7.3,8.1,8.9,9.4,13,15.8,19.9,19.9,1.8,2.6,,
159,2021-12-25,-1.6,-6.5,2349,5.4,1,,,,,,,14.4,270,1255,6.3,270,1326,3.6,3118,-16.4,16,1346,33.5,1.9,1016.1,1030,2112,1018.6,31,1024.9,9.8,9.2,1200,2.19,12.93,,,,,,0,0,.4,-7.8,4.3,6,7.3,8.5,9.2,12.9,15.7,19.8,19.9,2.2,3.1,,
159,2021-12-26,-5.2,-8.6,732,-.6,1626,,,,,,,14.1,270,1440,6.5,270,1342,3.9,3328,-20,21,1439,30.8,1.3,1021.1,1032,1005,1028.7,1354,1030.2,9.8,9.2,1200,2.21,13.16,,,,,,0,0,-2.9,-9.4,1,3.1,5.1,7,8.3,12.8,15.6,19.8,19.9,1.8,2.6,,
159,2021-12-27,-1.8,-6.9,550,3.3,1533,,,,,,,12.3,290,1306,6.3,290,1357,2.8,2392,-13.5,28,1434,40.9,2.2,1020.1,1030.6,1,1027.2,1510,1029,9.8,9.1,1200,2.11,12.59,,,,,,.6,.6,-1.7,-9.7,1.3,2.6,4.2,6,7.4,12.6,15.5,19.7,19.9,1.8,2.5,,
159,2021-12-28,3.9,-.7,302,8.4,1502,,,,,,,9.4,270,2258,4.8,230,1339,2.4,2059,-3.8,45,1438,57.8,4.7,1017.9,1029,823,1023.9,2339,1026.6,9.8,7.8,1200,1.97,11.15,,,,,,2.4,.9,1.8,-7.1,3.7,4.1,4.9,5.9,7,12.3,15.3,19.7,19.9,1.9,2.8,,
159,2021-12-29,6.2,2.2,245,10.9,1340,,,,,,,13.1,250,2330,8.4,270,2353,3.7,3232,-3.1,43,1526,51.5,4.9,1010.8,1024.1,13,1016.1,1432,1019.4,9.8,5.1,1200,1.93,9.7,,,,,,5.3,4.8,4.5,-2.5,5.8,5.8,6.1,6.6,7.2,12,15.2,19.6,19.8,2.5,3.6,,
159,2021-12-30,2.8,.3,2348,6.6,1525,,,,,,,15.9,270,320,9.1,270,1714,5,4362,-9.1,24,1215,42.4,3.1,1012.9,1024.1,2332,1017.9,58,1021.6,9.8,8.9,1200,2.13,12.47,,,,,,1.1,1.1,3,-1.8,5.2,5.7,6.4,7,7.5,11.8,15,19.5,19.8,2.5,3.5,,
159,2021-12-31,-.1,-3,626,4.4,1435,,,,,,,14.7,290,2104,8.8,290,2110,3.7,3208,-16.5,18,1604,29.3,1.7,1018.3,1028.9,958,1024,4,1027.1,9.8,9.2,1200,2.18,12.99,,,,,,1,0,.3,-4.9,3.1,4.3,5.6,6.6,7.3,11.7,14.9,19.5,19.8,2.7,3.9,,
